Time (ms),Bob1 X,Bob1 Y,Bob2 X,Bob2 Y
6,0.0618,0.1902,0.2521,0.2519
12,0.0619,0.1902,0.2523,0.2514
18,0.0619,0.1902,0.2526,0.2506
24,0.0621,0.1901,0.2531,0.2495
30,0.0622,0.1901,0.2536,0.248
36,0.0624,0.19,0.2543,0.2463
42,0.0626,0.1899,0.2551,0.2442
48,0.0629,0.1898,0.2561,0.2418
55,0.0632,0.1897,0.2571,0.239
61,0.0636,0.1896,0.2582,0.2359
67,0.0641,0.1895,0.2594,0.2325
73,0.0646,0.1893,0.2606,0.2287
79,0.0651,0.1891,0.262,0.2246
85,0.0658,0.1889,0.2633,0.2201
91,0.0666,0.1886,0.2648,0.2153
97,0.0674,0.1883,0.2662,0.2101
103,0.0684,0.188,0.2677,0.2046
109,0.0694,0.1876,0.2691,0.1987
115,0.0706,0.1871,0.2705,0.1924
121,0.0719,0.1866,0.2719,0.1858
127,0.0734,0.186,0.2733,0.1788
133,0.0751,0.1854,0.2746,0.1714
139,0.0769,0.1846,0.2758,0.1637
145,0.0789,0.1838,0.2769,0.1557
152,0.081,0.1828,0.2779,0.1473
158,0.0834,0.1818,0.2787,0.1386
164,0.086,0.1806,0.2794,0.1295
170,0.0889,0.1792,0.2799,0.1202
176,0.0919,0.1776,0.2803,0.1105
182,0.0952,0.1759,0.2805,0.1005
188,0.0988,0.1739,0.2804,0.0903
194,0.1026,0.1717,0.2802,0.0797
200,0.1066,0.1692,0.2797,0.069
206,0.1109,0.1664,0.279,0.058
212,0.1155,0.1633,0.2781,0.0468
218,0.1203,0.1598,0.2769,0.0354
224,0.1253,0.1559,0.2756,0.0239
230,0.1305,0.1515,0.274,0.0121
236,0.1359,0.1467,0.2721,0.0002
242,0.1415,0.1414,0.2701,-0.0118
248,0.1471,0.1355,0.2679,-0.0239
255,0.1528,0.129,0.2655,-0.0362
261,0.1585,0.1219,0.2629,-0.0486
267,0.1642,0.1142,0.2602,-0.0612
273,0.1697,0.1058,0.2574,-0.0739
279,0.175,0.0968,0.2545,-0.0867
285,0.1801,0.0871,0.2515,-0.0997
291,0.1847,0.0766,0.2485,-0.1129
297,0.189,0.0656,0.2453,-0.1263
303,0.1926,0.0538,0.2422,-0.14
309,0.1957,0.0414,0.239,-0.1538
315,0.198,0.0285,0.2358,-0.1679
321,0.1994,0.0149,0.2326,-0.1823
327,0.2,0.0009,0.2293,-0.1969
333,0.1995,-0.0135,0.226,-0.2118
339,0.198,-0.0284,0.2227,-0.2269
345,0.1952,-0.0436,0.2194,-0.2421
352,0.1911,-0.059,0.2161,-0.2574
358,0.1856,-0.0746,0.2127,-0.2727
364,0.1785,-0.0903,0.2092,-0.2879
370,0.1697,-0.1059,0.2056,-0.3026
376,0.159,-0.1214,0.2019,-0.3167
382,0.1462,-0.1364,0.1978,-0.3297
388,0.1313,-0.1509,0.1931,-0.3411
394,0.1142,-0.1642,0.1876,-0.3502
400,0.0951,-0.176,0.1809,-0.3566
406,0.0745,-0.1856,0.1726,-0.3599
412,0.0531,-0.1928,0.1624,-0.3603
418,0.0316,-0.1975,0.1504,-0.3584
424,0.0105,-0.1997,0.1369,-0.3547
430,-0.0099,-0.1998,0.1222,-0.3499
436,-0.0295,-0.1978,0.1066,-0.3443
442,-0.0483,-0.1941,0.0902,-0.3384
448,-0.0661,-0.1888,0.0733,-0.3322
455,-0.0828,-0.182,0.056,-0.326
461,-0.0986,-0.174,0.0383,-0.3198
467,-0.1132,-0.1649,0.0205,-0.3137
473,-0.1266,-0.1549,0.0023,-0.3078
479,-0.1388,-0.144,-0.016,-0.3019
485,-0.1497,-0.1326,-0.0345,-0.2961
491,-0.1594,-0.1208,-0.0533,-0.2903
497,-0.1678,-0.1088,-0.0723,-0.2845
503,-0.175,-0.0968,-0.0916,-0.2786
509,-0.181,-0.085,-0.1111,-0.2724
515,-0.1859,-0.0737,-0.1309,-0.266
521,-0.1899,-0.0629,-0.151,-0.2591
527,-0.1929,-0.0528,-0.1712,-0.2516
533,-0.1952,-0.0436,-0.1915,-0.2436
539,-0.1968,-0.0354,-0.2118,-0.2348
545,-0.198,-0.0282,-0.232,-0.2253
552,-0.1988,-0.0222,-0.2521,-0.2149
558,-0.1993,-0.0173,-0.2717,-0.2037
564,-0.1995,-0.0136,-0.2909,-0.1915
570,-0.1997,-0.0112,-0.3094,-0.1784
576,-0.1997,-0.01,-0.327,-0.1643
582,-0.1997,-0.0101,-0.3435,-0.1492
588,-0.1997,-0.0115,-0.3585,-0.133
594,-0.1995,-0.0142,-0.3717,-0.1158
600,-0.1992,-0.018,-0.3826,-0.0977
606,-0.1987,-0.0228,-0.3907,-0.0786
612,-0.198,-0.0284,-0.3956,-0.059
618,-0.197,-0.0343,-0.397,-0.0393
624,-0.1959,-0.0402,-0.3949,-0.0198
630,-0.1947,-0.0457,-0.3896,-0.0009
636,-0.1935,-0.0507,-0.3817,0.0169
642,-0.1922,-0.0552,-0.3715,0.0336
648,-0.1911,-0.059,-0.3594,0.049
655,-0.1901,-0.0622,-0.3459,0.0632
661,-0.1892,-0.0649,-0.3312,0.076
667,-0.1884,-0.0671,-0.3154,0.0874
673,-0.1878,-0.0688,-0.2989,0.0976
679,-0.1873,-0.07,-0.2817,0.1063
685,-0.187,-0.0708,-0.264,0.1138
691,-0.1869,-0.0713,-0.2459,0.1198
697,-0.1868,-0.0713,-0.2274,0.1245
703,-0.187,-0.071,-0.2087,0.1278
709,-0.1872,-0.0703,-0.1899,0.1297
715,-0.1876,-0.0693,-0.1711,0.13
721,-0.1881,-0.0679,-0.1524,0.1289
727,-0.1888,-0.0661,-0.134,0.1263
733,-0.1895,-0.0639,-0.1158,0.122
739,-0.1904,-0.0613,-0.0982,0.1161
745,-0.1913,-0.0584,-0.0812,0.1086
752,-0.1923,-0.0551,-0.0652,0.0993
758,-0.1933,-0.0515,-0.0503,0.0884
764,-0.1943,-0.0475,-0.0367,0.0757
770,-0.1953,-0.0432,-0.0248,0.0613
776,-0.1962,-0.0388,-0.0148,0.0455
782,-0.197,-0.0343,-0.0071,0.0282
788,-0.1978,-0.0299,-0.0017,0.0098
794,-0.1983,-0.0257,0.001,-0.0095
800,-0.1988,-0.022,0.0011,-0.0294
806,-0.1991,-0.0189,-0.0015,-0.0495
812,-0.1993,-0.0165,-0.0065,-0.0696
818,-0.1994,-0.0151,-0.0138,-0.0895
824,-0.1995,-0.0147,-0.023,-0.1089
830,-0.1994,-0.0154,-0.034,-0.1278
836,-0.1993,-0.0172,-0.0464,-0.1461
842,-0.199,-0.02,-0.0599,-0.1638
848,-0.1986,-0.024,-0.0744,-0.1808
855,-0.1979,-0.029,-0.0897,-0.1973
861,-0.1969,-0.0351,-0.1056,-0.2131
867,-0.1955,-0.0423,-0.122,-0.2283
873,-0.1935,-0.0505,-0.1388,-0.2428
879,-0.1909,-0.0597,-0.156,-0.2566
885,-0.1874,-0.0699,-0.1733,-0.2694
891,-0.1828,-0.0812,-0.1908,-0.281
897,-0.1768,-0.0936,-0.2082,-0.2911
903,-0.169,-0.107,-0.2251,-0.2989
909,-0.159,-0.1213,-0.241,-0.3037
915,-0.1466,-0.1361,-0.2548,-0.3042
921,-0.1317,-0.1505,-0.265,-0.2996
927,-0.1153,-0.1634,-0.2703,-0.2898
933,-0.0985,-0.1741,-0.2704,-0.2762
939,-0.0821,-0.1824,-0.2663,-0.2603
945,-0.0664,-0.1886,-0.2588,-0.2433
952,-0.0516,-0.1932,-0.2489,-0.226
958,-0.0375,-0.1964,-0.2372,-0.2087
964,-0.0241,-0.1985,-0.224,-0.1917
970,-0.0113,-0.1997,-0.2098,-0.1751
976,0.001,-0.2,-0.1948,-0.159
982,0.0128,-0.1996,-0.1791,-0.1433
988,0.0243,-0.1985,-0.1629,-0.1281
994,0.0354,-0.1968,-0.1464,-0.1135
1000,0.0461,-0.1946,-0.1297,-0.0993
1006,0.0566,-0.1918,-0.1128,-0.0855
1012,0.0668,-0.1885,-0.0958,-0.0721
1018,0.0767,-0.1847,-0.0789,-0.0591
1024,0.0863,-0.1804,-0.0621,-0.0463
1030,0.0955,-0.1757,-0.0454,-0.0338
1036,0.1044,-0.1706,-0.0289,-0.0215
1042,0.1129,-0.1651,-0.0125,-0.0093
1048,0.121,-0.1593,0.0036,0.0027
1055,0.1285,-0.1532,0.0197,0.0145
1061,0.1356,-0.147,0.0356,0.0262
1067,0.1422,-0.1406,0.0514,0.0376
1073,0.1484,-0.1341,0.0673,0.0487
1079,0.154,-0.1276,0.0831,0.0594
1085,0.1593,-0.121,0.099,0.0697
1091,0.1641,-0.1143,0.1149,0.0795
1097,0.1685,-0.1077,0.1308,0.0887
1103,0.1726,-0.101,0.1468,0.0973
1109,0.1764,-0.0943,0.1629,0.1052
1115,0.1798,-0.0876,0.179,0.1124
1121,0.183,-0.0808,0.195,0.1189
1127,0.1859,-0.0739,0.2111,0.1245
1133,0.1885,-0.0669,0.2271,0.1293
1139,0.1908,-0.0598,0.243,0.1333
1145,0.193,-0.0526,0.2587,0.1363
1152,0.1948,-0.0452,0.2742,0.1384
1158,0.1964,-0.0376,0.2895,0.1395
1164,0.1978,-0.0298,0.3044,0.1395
1170,0.1988,-0.0217,0.3188,0.1384
1176,0.1996,-0.0133,0.3325,0.1361
1182,0.1999,-0.0046,0.3455,0.1325
1188,0.2,0.0044,0.3575,0.1277
1194,0.1995,0.0138,0.3681,0.1214
1200,0.1986,0.0234,0.3771,0.1137
1206,0.1972,0.0332,0.384,0.1047
1212,0.1954,0.0428,0.3886,0.0944
1218,0.1931,0.0521,0.3907,0.083
1224,0.1905,0.0608,0.3903,0.0709
1230,0.1879,0.0686,0.3876,0.0584
1236,0.1852,0.0756,0.3829,0.0455
1242,0.1826,0.0815,0.3766,0.0326
1248,0.1803,0.0865,0.3688,0.0196
1255,0.1783,0.0906,0.3599,0.0067
1261,0.1766,0.0938,0.3499,-0.006
1267,0.1753,0.0962,0.339,-0.0187
1273,0.1745,0.0978,0.3274,-0.0311
1279,0.174,0.0985,0.315,-0.0433
1285,0.1741,0.0985,0.302,-0.0552
1291,0.1746,0.0976,0.2884,-0.0668
1297,0.1755,0.0959,0.2743,-0.078
1303,0.1769,0.0933,0.2597,-0.0887
1309,0.1787,0.0898,0.2448,-0.0989
1315,0.1808,0.0854,0.2295,-0.1086
1321,0.1833,0.08,0.2139,-0.1176
1327,0.186,0.0736,0.1982,-0.126
1333,0.1888,0.0661,0.1825,-0.1338
1339,0.1915,0.0576,0.1668,-0.1409
1345,0.1942,0.048,0.1512,-0.1473
1352,0.1965,0.0373,0.1358,-0.1532
1358,0.1983,0.0257,0.1207,-0.1586
1364,0.1996,0.0131,0.1059,-0.1636
1370,0.2,-0.0004,0.0914,-0.1683
1376,0.1995,-0.0145,0.0773,-0.1729
1382,0.1978,-0.0293,0.0634,-0.1774
1388,0.195,-0.0444,0.0498,-0.182
1394,0.1909,-0.0597,0.0364,-0.1868
1400,0.1854,-0.0751,0.0231,-0.1919
1406,0.1785,-0.0902,0.0097,-0.1974
1412,0.1703,-0.1049,-0.0038,-0.2033
1418,0.1608,-0.119,-0.0175,-0.2097
1424,0.15,-0.1323,-0.0314,-0.2166
1430,0.1381,-0.1447,-0.0456,-0.2239
1436,0.1251,-0.1561,-0.06,-0.2318
1442,0.1111,-0.1663,-0.0748,-0.2401
1448,0.0963,-0.1753,-0.0897,-0.2488
1455,0.0807,-0.183,-0.1047,-0.258
1461,0.0643,-0.1894,-0.1198,-0.2675
1467,0.0473,-0.1943,-0.1347,-0.2773
1473,0.0295,-0.1978,-0.1494,-0.2873
1479,0.011,-0.1997,-0.1634,-0.2974
1485,-0.0081,-0.1998,-0.1767,-0.3075
1491,-0.028,-0.198,-0.1887,-0.3171
1497,-0.0486,-0.194,-0.1991,-0.3257
1503,-0.0696,-0.1875,-0.2071,-0.3327
1509,-0.0908,-0.1782,-0.2123,-0.3371
1515,-0.1111,-0.1663,-0.2144,-0.3376
1521,-0.1295,-0.1524,-0.2136,-0.3339
1527,-0.1455,-0.1372,-0.2108,-0.3262
1533,-0.1589,-0.1214,-0.2069,-0.3156
1539,-0.1699,-0.1055,-0.2023,-0.3029
1545,-0.1788,-0.0897,-0.1975,-0.2888
1552,-0.1858,-0.0741,-0.1925,-0.274
1558,-0.1912,-0.0587,-0.1875,-0.2587
1564,-0.1952,-0.0436,-0.1826,-0.2432
1570,-0.1979,-0.0289,-0.1776,-0.2278
1576,-0.1995,-0.0144,-0.1726,-0.2126
1582,-0.2,-0.0003,-0.1677,-0.1977
1588,-0.1995,0.0135,-0.1628,-0.1831
1594,-0.1982,0.0269,-0.1578,-0.169
1600,-0.196,0.0399,-0.1528,-0.1554
1606,-0.193,0.0525,-0.1478,-0.1423
1612,-0.1892,0.0647,-0.1427,-0.1298
1618,-0.1848,0.0765,-0.1376,-0.1179
1624,-0.1797,0.0877,-0.1324,-0.1066
1630,-0.174,0.0985,-0.1271,-0.0959
1636,-0.1678,0.1088,-0.1218,-0.0858
1642,-0.1611,0.1185,-0.1165,-0.0764
1648,-0.1539,0.1278,-0.111,-0.0676
1655,-0.1463,0.1364,-0.1055,-0.0594
1661,-0.1383,0.1445,-0.1,-0.0518
1667,-0.13,0.152,-0.0944,-0.0448
1673,-0.1214,0.1589,-0.0887,-0.0384
1679,-0.1126,0.1653,-0.0831,-0.0325
1685,-0.1036,0.1711,-0.0774,-0.0272
1691,-0.0944,0.1763,-0.0717,-0.0224
1697,-0.085,0.181,-0.066,-0.0181
1703,-0.0755,0.1852,-0.0602,-0.0142
1709,-0.066,0.1888,-0.0545,-0.0109
1715,-0.0564,0.1919,-0.0487,-0.008
1721,-0.0467,0.1945,-0.043,-0.0055
1727,-0.0369,0.1966,-0.0372,-0.0034
1733,-0.0271,0.1981,-0.0315,-0.0018
1739,-0.0174,0.1992,-0.0257,-0.0006
1745,-0.0075,0.1999,-0.02,0.0002
1752,0.0023,0.2,-0.0142,0.0007
1758,0.0121,0.1996,-0.0085,0.0007
1764,0.0219,0.1988,-0.0027,0.0003
1770,0.0317,0.1975,0.003,-0.0005
1776,0.0415,0.1957,0.0088,-0.0017
1782,0.0512,0.1933,0.0145,-0.0033
1788,0.0609,0.1905,0.0202,-0.0053
1794,0.0706,0.1871,0.0259,-0.0078
1800,0.0801,0.1833,0.0315,-0.0108
1806,0.0896,0.1788,0.0372,-0.0142
1812,0.0989,0.1738,0.0428,-0.0181
1818,0.1081,0.1683,0.0483,-0.0226
1824,0.1171,0.1621,0.0538,-0.0276
1830,0.1259,0.1554,0.0592,-0.0332
1836,0.1344,0.1481,0.0646,-0.0393
1842,0.1427,0.1402,0.0698,-0.0461
1848,0.1505,0.1317,0.075,-0.0535
1855,0.158,0.1226,0.08,-0.0616
1861,0.1651,0.113,0.0849,-0.0703
1867,0.1716,0.1028,0.0896,-0.0797
1873,0.1776,0.0921,0.0942,-0.0898
1879,0.1829,0.0809,0.0987,-0.1005
1885,0.1876,0.0692,0.103,-0.112
1891,0.1917,0.0571,0.1071,-0.1242
1897,0.195,0.0446,0.1111,-0.137
1903,0.1975,0.0318,0.115,-0.1505
1909,0.1991,0.0186,0.1188,-0.1646
1915,0.1999,0.0051,0.1224,-0.1792
1921,0.1998,-0.0086,0.126,-0.1945
1927,0.1987,-0.0225,0.1295,-0.2102
1933,0.1966,-0.0367,0.133,-0.2263
1939,0.1934,-0.051,0.1366,-0.2428
1945,0.189,-0.0655,0.1401,-0.2594
1952,0.1833,-0.0801,0.1437,-0.2762
1958,0.1761,-0.0948,0.1475,-0.2928
1964,0.1673,-0.1096,0.1513,-0.3089
1970,0.1567,-0.1243,0.1552,-0.3243
1976,0.1439,-0.1389,0.1592,-0.3384
1982,0.1286,-0.1532,0.1629,-0.3502
1988,0.1107,-0.1665,0.1659,-0.3588
1994,0.0904,-0.1784,0.1676,-0.3629
2000,0.0684,-0.1879,0.167,-0.362
2006,0.0459,-0.1947,0.1635,-0.3564
2012,0.0239,-0.1986,0.1574,-0.3475
2018,0.0028,-0.2,0.1491,-0.3364
2024,-0.0171,-0.1993,0.1391,-0.3241
2030,-0.036,-0.1967,0.1279,-0.3113
2036,-0.0539,-0.1926,0.1159,-0.2982
2042,-0.0709,-0.187,0.1034,-0.2851
2048,-0.0869,-0.1801,0.0906,-0.2722
2055,-0.1021,-0.172,0.0777,-0.2596
2061,-0.1164,-0.1626,0.0647,-0.2474
2067,-0.1298,-0.1522,0.052,-0.2356
2073,-0.1422,-0.1407,0.0395,-0.2243
2079,-0.1535,-0.1282,0.0273,-0.2136
2085,-0.1638,-0.1147,0.0155,-0.2033
2091,-0.1729,-0.1005,0.0041,-0.1936
2097,-0.1807,-0.0856,-0.0069,-0.1845
2103,-0.1873,-0.0702,-0.0175,-0.1759
2109,-0.1925,-0.0544,-0.0278,-0.168
2115,-0.1963,-0.0384,-0.0379,-0.1605
2121,-0.1987,-0.0224,-0.0478,-0.1535
2127,-0.1999,-0.0065,-0.0576,-0.147
2133,-0.1998,0.009,-0.0674,-0.1408
2139,-0.1985,0.0241,-0.0772,-0.1349
2145,-0.1963,0.0385,-0.0873,-0.1292
2152,-0.1931,0.0523,-0.0975,-0.1235
2158,-0.1891,0.0652,-0.108,-0.1177
2164,-0.1845,0.0772,-0.1187,-0.1117
2170,-0.1795,0.0882,-0.1297,-0.1055
2176,-0.1741,0.0984,-0.1408,-0.0988
2182,-0.1686,0.1075,-0.152,-0.0918
2188,-0.1631,0.1157,-0.1634,-0.0843
2194,-0.1577,0.1231,-0.1747,-0.0762
2200,-0.1524,0.1295,-0.1859,-0.0677
2206,-0.1474,0.1351,-0.1971,-0.0586
2212,-0.1428,0.14,-0.2079,-0.0491
2218,-0.1386,0.1442,-0.2186,-0.0391
2224,-0.1348,0.1477,-0.2289,-0.0288
2230,-0.1315,0.1507,-0.2388,-0.0181
2236,-0.1287,0.1531,-0.2483,-0.0072
2242,-0.1264,0.155,-0.2575,0.0039
2248,-0.1246,0.1564,-0.2662,0.0152
2255,-0.1233,0.1575,-0.2745,0.0265
2261,-0.1225,0.1581,-0.2823,0.0378
2267,-0.1222,0.1584,-0.2897,0.0491
2273,-0.1223,0.1583,-0.2967,0.0603
2279,-0.1228,0.1578,-0.3032,0.0715
2285,-0.1238,0.1571,-0.3093,0.0824
2291,-0.1252,0.156,-0.3151,0.0931
2297,-0.127,0.1545,-0.3204,0.1037
2303,-0.1291,0.1528,-0.3253,0.1139
2309,-0.1316,0.1506,-0.3298,0.1239
2315,-0.1344,0.1482,-0.3338,0.1336
2321,-0.1375,0.1453,-0.3374,0.143
2327,-0.1409,0.142,-0.3406,0.152
2333,-0.1445,0.1383,-0.3433,0.1606
2339,-0.1484,0.1341,-0.3454,0.1688
2345,-0.1525,0.1294,-0.3469,0.1765
2352,-0.1567,0.1243,-0.3477,0.1837
2358,-0.1611,0.1186,-0.3478,0.1903
2364,-0.1655,0.1123,-0.347,0.1962
2370,-0.1698,0.1056,-0.3454,0.2014
2376,-0.1741,0.0984,-0.3429,0.2057
2382,-0.1782,0.0908,-0.3395,0.2091
2388,-0.1821,0.0828,-0.3352,0.2115
2394,-0.1856,0.0745,-0.3301,0.2128
2400,-0.1888,0.0661,-0.3243,0.2132
2406,-0.1916,0.0574,-0.3179,0.2125
2412,-0.194,0.0486,-0.311,0.2108
2418,-0.196,0.0396,-0.3037,0.2082
2424,-0.1977,0.0306,-0.296,0.2047
2430,-0.1989,0.0214,-0.2881,0.2003
2436,-0.1996,0.0121,-0.28,0.1952
2442,-0.2,0.0026,-0.2717,0.1893
2448,-0.1999,-0.0069,-0.2632,0.1828
2455,-0.1993,-0.0166,-0.2547,0.1755
2461,-0.1982,-0.0265,-0.2461,0.1677
2467,-0.1966,-0.0365,-0.2374,0.1593
2473,-0.1945,-0.0466,-0.2287,0.1504
2479,-0.1917,-0.0569,-0.22,0.1411
2485,-0.1883,-0.0673,-0.2113,0.1313
2491,-0.1842,-0.0779,-0.2026,0.1213
2497,-0.1793,-0.0885,-0.1939,0.1109
2503,-0.1736,-0.0993,-0.1852,0.1004
2509,-0.167,-0.11,-0.1765,0.0897
2515,-0.1594,-0.1208,-0.1679,0.0791
2521,-0.1508,-0.1314,-0.1592,0.0685
2527,-0.1411,-0.1417,-0.1506,0.058
2533,-0.1302,-0.1518,-0.142,0.0479
2539,-0.1182,-0.1613,-0.1335,0.0381
2545,-0.1049,-0.1703,-0.125,0.0287
2552,-0.0905,-0.1784,-0.1166,0.0199
2558,-0.0749,-0.1854,-0.1084,0.0118
2564,-0.0583,-0.1913,-0.1003,0.0042
2570,-0.0408,-0.1958,-0.0924,-0.0026
2576,-0.0225,-0.1987,-0.0849,-0.0087
2582,-0.0037,-0.2,-0.0776,-0.0141
2588,0.0154,-0.1994,-0.0708,-0.0189
2594,0.0347,-0.197,-0.0644,-0.0232
2600,0.0537,-0.1926,-0.0584,-0.0271
2606,0.0724,-0.1865,-0.0529,-0.0306
2612,0.0903,-0.1785,-0.0479,-0.0339
2618,0.1073,-0.1688,-0.0432,-0.0371
2624,0.1233,-0.1575,-0.0389,-0.0405
2630,0.1379,-0.1449,-0.0348,-0.044
2636,0.1511,-0.1311,-0.0308,-0.0478
2642,0.1627,-0.1163,-0.0267,-0.0521
2648,0.1727,-0.1008,-0.0223,-0.0567
2655,0.1811,-0.0848,-0.0175,-0.0619
2661,0.1879,-0.0686,-0.0121,-0.0674
2667,0.193,-0.0523,-0.0059,-0.0733
2673,0.1967,-0.0363,0.0014,-0.0795
2679,0.1989,-0.0207,0.0098,-0.0858
2685,0.1999,-0.0057,0.0195,-0.092
2691,0.1998,0.0085,0.0305,-0.0979
2697,0.1988,0.0218,0.0428,-0.1034
2703,0.1971,0.034,0.0564,-0.1082
2709,0.1949,0.045,0.0711,-0.1121
2715,0.1923,0.0549,0.0869,-0.1151
2721,0.1896,0.0635,0.1036,-0.117
2727,0.187,0.071,0.121,-0.1179
2733,0.1845,0.0772,0.1389,-0.1176
2739,0.1823,0.0823,0.1572,-0.1162
2745,0.1805,0.0862,0.1756,-0.1137
2752,0.1791,0.0891,0.1941,-0.1103
2758,0.1781,0.091,0.2125,-0.1061
2764,0.1777,0.0918,0.2307,-0.101
2770,0.1777,0.0918,0.2485,-0.0953
2776,0.1782,0.0908,0.2661,-0.0889
2782,0.1792,0.0889,0.2831,-0.082
2788,0.1806,0.086,0.2997,-0.0746
2794,0.1823,0.0822,0.3157,-0.0668
2800,0.1844,0.0775,0.331,-0.0586
2806,0.1867,0.0717,0.3455,-0.0499
2812,0.1892,0.0649,0.3589,-0.0409
2818,0.1918,0.0568,0.3712,-0.0315
2824,0.1943,0.0476,0.3819,-0.0217
2830,0.1965,0.0371,0.3906,-0.0115
2836,0.1984,0.0253,0.3966,-0.001
2842,0.1996,0.0126,0.3996,0.0095
2848,0.2,-0.0008,0.3989,0.0197
2855,0.1995,-0.0142,0.3947,0.0292
2861,0.1981,-0.0273,0.3873,0.0376
2867,0.196,-0.0398,0.3773,0.0448
2873,0.1932,-0.0515,0.3652,0.0506
2879,0.1899,-0.0626,0.3516,0.0552
2885,0.1862,-0.073,0.3368,0.0586
2891,0.182,-0.0829,0.3211,0.0609
2897,0.1775,-0.0922,0.3047,0.0621
2903,0.1726,-0.1011,0.2879,0.0624
2909,0.1673,-0.1096,0.2706,0.0617
2915,0.1617,-0.1177,0.2531,0.0602
2921,0.1557,-0.1256,0.2353,0.0579
2927,0.1493,-0.1331,0.2174,0.0549
2933,0.1424,-0.1404,0.1994,0.0513
2939,0.1352,-0.1474,0.1814,0.0472
2945,0.1274,-0.1542,0.1633,0.0426
2952,0.1191,-0.1607,0.1452,0.0376
2958,0.1102,-0.1669,0.1272,0.0324
2964,0.1008,-0.1728,0.1091,0.0271
2970,0.0907,-0.1782,0.0911,0.0218
2976,0.0801,-0.1833,0.073,0.0166
2982,0.0689,-0.1878,0.055,0.0118
2988,0.0572,-0.1917,0.0369,0.0073
2994,0.045,-0.1949,0.0187,0.0034
3000,0.0326,-0.1973,0.0004,0.0001
3006,0.0199,-0.199,-0.0181,-0.0027
3012,0.0072,-0.1999,-0.0368,-0.0048
3018,-0.0055,-0.1999,-0.0557,-0.0063
3024,-0.0179,-0.1992,-0.0747,-0.0074
3030,-0.0301,-0.1977,-0.094,-0.0082
3036,-0.0419,-0.1956,-0.1135,-0.0088
3042,-0.0533,-0.1928,-0.1331,-0.0094
3048,-0.0643,-0.1894,-0.1529,-0.01
3055,-0.075,-0.1854,-0.1727,-0.0109
3061,-0.0853,-0.1809,-0.1925,-0.0121
3067,-0.0952,-0.1759,-0.2123,-0.0137
3073,-0.1048,-0.1703,-0.2319,-0.0159
3079,-0.1141,-0.1643,-0.2513,-0.0188
3085,-0.1231,-0.1576,-0.2704,-0.0223
3091,-0.132,-0.1503,-0.2891,-0.0265
3097,-0.1405,-0.1423,-0.3071,-0.0316
3103,-0.1489,-0.1335,-0.3244,-0.0376
3109,-0.157,-0.1239,-0.3406,-0.0445
3115,-0.1649,-0.1132,-0.3554,-0.0524
3121,-0.1724,-0.1013,-0.3684,-0.0612
3127,-0.1795,-0.0881,-0.3788,-0.0709
3133,-0.1859,-0.0737,-0.3858,-0.0812
3139,-0.1914,-0.0581,-0.3885,-0.0917
3145,-0.1955,-0.0421,-0.3864,-0.1017
3152,-0.1982,-0.0264,-0.3797,-0.1106
3158,-0.1997,-0.0118,-0.369,-0.1182
3164,-0.2,0.0014,-0.3556,-0.1243
3170,-0.1996,0.0131,-0.3401,-0.1292
3176,-0.1986,0.0234,-0.3232,-0.133
3182,-0.1974,0.0324,-0.3053,-0.136
3188,-0.1959,0.0401,-0.2867,-0.1381
3194,-0.1945,0.0466,-0.2676,-0.1396
3200,-0.1931,0.0519,-0.248,-0.1404
3206,-0.1919,0.0562,-0.2282,-0.1405
3212,-0.191,0.0594,-0.2081,-0.1399
3218,-0.1903,0.0615,-0.188,-0.1385
3224,-0.19,0.0625,-0.1678,-0.1363
3230,-0.19,0.0623,-0.1478,-0.1332
3236,-0.1904,0.0611,-0.1281,-0.129
3242,-0.1912,0.0587,-0.109,-0.1237
3248,-0.1923,0.055,-0.0905,-0.1171
3255,-0.1936,0.0501,-0.0729,-0.1094
3261,-0.1951,0.044,-0.0567,-0.1003
3267,-0.1966,0.0367,-0.0419,-0.09
3273,-0.198,0.0282,-0.0289,-0.0787
3279,-0.1991,0.0186,-0.018,-0.0663
3285,-0.1998,0.008,-0.0094,-0.0533
3291,-0.2,-0.0035,-0.0033,-0.0398
3297,-0.1994,-0.0157,0.0003,-0.0263
3303,-0.198,-0.0284,0.0014,-0.0129
3309,-0.1956,-0.0415,0,-0.0001
3315,-0.1924,-0.0547,-0.0038,0.0118
3321,-0.1881,-0.0679,-0.0098,0.0226
3327,-0.1829,-0.0809,-0.0178,0.032
3333,-0.1768,-0.0936,-0.0277,0.0398
3339,-0.1698,-0.1057,-0.0392,0.0458
3345,-0.1621,-0.1172,-0.052,0.0498
3352,-0.1537,-0.128,-0.066,0.0518
3358,-0.1448,-0.138,-0.0809,0.0515
3364,-0.1356,-0.1471,-0.0964,0.0491
3370,-0.1261,-0.1552,-0.1123,0.0443
3376,-0.1166,-0.1625,-0.1283,0.0372
3382,-0.1073,-0.1688,-0.1443,0.0278
3388,-0.0983,-0.1742,-0.1598,0.0161
3394,-0.0897,-0.1788,-0.1748,0.0022
3400,-0.0817,-0.1825,-0.189,-0.0137
3406,-0.0745,-0.1856,-0.2021,-0.0316
3412,-0.0681,-0.1881,-0.2141,-0.0514
3418,-0.0626,-0.1899,-0.2247,-0.0727
3424,-0.0582,-0.1913,-0.2338,-0.0955
3430,-0.0549,-0.1923,-0.2412,-0.1196
3436,-0.0528,-0.1929,-0.2469,-0.1447
3442,-0.0519,-0.1932,-0.2506,-0.1706
3448,-0.0523,-0.193,-0.2522,-0.1972
3455,-0.0541,-0.1926,-0.2516,-0.224
3461,-0.0573,-0.1916,-0.2484,-0.2508
3467,-0.0622,-0.1901,-0.2423,-0.2771
3473,-0.0686,-0.1879,-0.2328,-0.302
3479,-0.0766,-0.1847,-0.2195,-0.3246
3485,-0.0858,-0.1807,-0.202,-0.3434
3491,-0.0953,-0.1758,-0.1804,-0.3568
3497,-0.1042,-0.1707,-0.1557,-0.364
3503,-0.1116,-0.166,-0.1293,-0.3652
3509,-0.1172,-0.162,-0.1024,-0.3615
3515,-0.1211,-0.1592,-0.0758,-0.354
3521,-0.1232,-0.1575,-0.0499,-0.3436
3527,-0.1239,-0.157,-0.025,-0.3308
3533,-0.1231,-0.1576,-0.0014,-0.3163
3539,-0.1209,-0.1593,0.0209,-0.3003
3545,-0.1173,-0.162,0.0417,-0.2833
3552,-0.1124,-0.1654,0.0609,-0.2653
3558,-0.106,-0.1696,0.0784,-0.2468
3564,-0.0983,-0.1742,0.0943,-0.2279
3570,-0.0892,-0.179,0.1086,-0.209
3576,-0.0787,-0.1839,0.1213,-0.1901
3582,-0.0668,-0.1885,0.1324,-0.1716
3588,-0.0538,-0.1926,0.1423,-0.1535
3594,-0.0398,-0.196,0.151,-0.1361
3600,-0.0248,-0.1985,0.1588,-0.1192
3606,-0.0092,-0.1998,0.1659,-0.1031
3612,0.0069,-0.1999,0.1724,-0.0876
3618,0.0232,-0.1987,0.1785,-0.0727
3624,0.0394,-0.1961,0.1844,-0.0583
3630,0.0554,-0.1922,0.1902,-0.0445
3636,0.0709,-0.187,0.196,-0.0309
3642,0.0858,-0.1806,0.2018,-0.0177
3648,0.1,-0.1732,0.2077,-0.0048
3655,0.1132,-0.1649,0.2138,0.008
3661,0.1255,-0.1557,0.2199,0.0206
3667,0.1368,-0.1459,0.2261,0.033
3673,0.147,-0.1356,0.2324,0.0453
3679,0.1563,-0.1248,0.2388,0.0573
3685,0.1645,-0.1137,0.2453,0.0692
3691,0.1718,-0.1025,0.2518,0.0808
3697,0.1781,-0.0911,0.2584,0.0921
3703,0.1835,-0.0796,0.2649,0.1031
3709,0.1881,-0.0681,0.2715,0.1137
3715,0.1918,-0.0566,0.278,0.1239
3721,0.1948,-0.0451,0.2845,0.1336
3727,0.1971,-0.0338,0.2909,0.1429
3733,0.1987,-0.0225,0.2972,0.1515
3739,0.1997,-0.0114,0.3034,0.1596
3745,0.2,-0.0004,0.3094,0.167
3752,0.1997,0.0105,0.3152,0.1738
3758,0.1989,0.0213,0.3207,0.1798
3764,0.1974,0.0318,0.326,0.1851
3770,0.1955,0.0423,0.3308,0.1895
3776,0.193,0.0525,0.3352,0.1931
3782,0.19,0.0625,0.339,0.1958
3788,0.1865,0.0722,0.3423,0.1976
3794,0.1826,0.0815,0.3448,0.1985
3800,0.1783,0.0905,0.3467,0.1985
3806,0.1737,0.0991,0.3477,0.1977
3812,0.1689,0.1071,0.348,0.1961
3818,0.1639,0.1146,0.3476,0.1937
3824,0.1588,0.1216,0.3465,0.1907
3830,0.1537,0.128,0.3448,0.1871
3836,0.1486,0.1339,0.3425,0.1829
3842,0.1436,0.1392,0.3397,0.1783
3848,0.1387,0.1441,0.3365,0.1733
3855,0.1339,0.1485,0.333,0.1678
3861,0.1293,0.1526,0.3291,0.1619
3867,0.1249,0.1562,0.3249,0.1557
3873,0.1207,0.1595,0.3204,0.149
3879,0.1167,0.1624,0.3157,0.1421
3885,0.1129,0.1651,0.3106,0.1348
3891,0.1094,0.1674,0.3053,0.1272
3897,0.1062,0.1695,0.2998,0.1193
3903,0.1032,0.1713,0.294,0.1111
3909,0.1006,0.1729,0.2879,0.1026
3915,0.0983,0.1742,0.2814,0.0939
3921,0.0963,0.1753,0.2747,0.0849
3927,0.0947,0.1762,0.2677,0.0758
3933,0.0935,0.1768,0.2603,0.0665
3939,0.0927,0.1772,0.2525,0.0571
3945,0.0923,0.1774,0.2444,0.0476
3952,0.0924,0.1774,0.2359,0.0381
3958,0.093,0.1771,0.2269,0.0286
3964,0.0941,0.1765,0.2176,0.0192
3970,0.0957,0.1756,0.2078,0.01
3976,0.0978,0.1744,0.1976,0.0011
3982,0.1006,0.1729,0.187,-0.0075
3988,0.1039,0.1709,0.176,-0.0156
3994,0.1078,0.1685,0.1647,-0.0232
4000,0.1122,0.1656,0.1531,-0.0302
4006,0.1172,0.1621,0.1412,-0.0365
4012,0.1226,0.158,0.1292,-0.0419
4018,0.1285,0.1532,0.1172,-0.0465
4024,0.1349,0.1477,0.1052,-0.0501
4030,0.1415,0.1414,0.0935,-0.0528
4036,0.1483,0.1342,0.082,-0.0545
4042,0.1552,0.1262,0.0711,-0.0553
4048,0.1621,0.1172,0.0607,-0.0552
4055,0.1688,0.1073,0.0509,-0.0543
4061,0.1752,0.0964,0.042,-0.0527
4067,0.1812,0.0846,0.0338,-0.0506
4073,0.1866,0.0719,0.0266,-0.048
4079,0.1913,0.0583,0.0202,-0.0452
4085,0.1951,0.044,0.0146,-0.0421
4091,0.1979,0.0289,0.0098,-0.0391
4097,0.1996,0.0132,0.0058,-0.0362
4103,0.2,-0.0031,0.0023,-0.0335
4109,0.199,-0.0197,-0.0007,-0.031
4115,0.1966,-0.0366,-0.0032,-0.0289
4121,0.1927,-0.0536,-0.0056,-0.0272
4127,0.1872,-0.0705,-0.0078,-0.0258
4133,0.18,-0.0872,-0.01,-0.0248
4139,0.1712,-0.1034,-0.0124,-0.0241
4145,0.1608,-0.1189,-0.015,-0.0236
4152,0.1488,-0.1337,-0.018,-0.0233
4158,0.1353,-0.1473,-0.0215,-0.0231
4164,0.1204,-0.1597,-0.0254,-0.0228
4170,0.1043,-0.1706,-0.0299,-0.0224
4176,0.0871,-0.18,-0.035,-0.0217
4182,0.0691,-0.1877,-0.0407,-0.0205
4188,0.0505,-0.1935,-0.047,-0.0189
4194,0.0315,-0.1975,-0.0538,-0.0166
4200,0.0123,-0.1996,-0.0611,-0.0136
4206,-0.0067,-0.1999,-0.0689,-0.0098
4212,-0.0253,-0.1984,-0.077,-0.0052
4218,-0.0433,-0.1952,-0.0855,0.0003
4224,-0.0606,-0.1906,-0.0942,0.0065
4230,-0.0769,-0.1846,-0.1032,0.0137
4236,-0.0922,-0.1775,-0.1123,0.0215
4242,-0.1063,-0.1694,-0.1215,0.03
4248,-0.1193,-0.1605,-0.1307,0.0392
4255,-0.1311,-0.151,-0.1401,0.0488
4261,-0.1417,-0.1411,-0.1494,0.0587
4267,-0.1512,-0.1309,-0.1588,0.0689
4273,-0.1596,-0.1205,-0.1682,0.0793
4279,-0.1671,-0.11,-0.1776,0.0898
4285,-0.1735,-0.0994,-0.187,0.1001
4291,-0.1792,-0.0889,-0.1965,0.1104
4297,-0.184,-0.0784,-0.2059,0.1204
4303,-0.1881,-0.068,-0.2154,0.1301
4309,-0.1915,-0.0577,-0.2249,0.1395
4315,-0.1943,-0.0476,-0.2343,0.1484
4321,-0.1964,-0.0375,-0.2437,0.1568
4327,-0.1981,-0.0276,-0.2531,0.1647
4333,-0.1992,-0.0178,-0.2624,0.1719
4339,-0.1998,-0.0081,-0.2716,0.1786
4345,-0.2,0.0015,-0.2807,0.1845
4352,-0.1997,0.011,-0.2896,0.1897
4358,-0.199,0.0204,-0.2983,0.194
4364,-0.1978,0.0298,-0.3067,0.1975
4370,-0.1961,0.0391,-0.3147,0.2001
4376,-0.1941,0.0483,-0.3223,0.2018
4382,-0.1916,0.0573,-0.3293,0.2024
4388,-0.1887,0.0663,-0.3357,0.2019
4394,-0.1854,0.0751,-0.3413,0.2004
4400,-0.1817,0.0836,-0.3459,0.1977
4406,-0.1777,0.0917,-0.3496,0.194
4412,-0.1735,0.0995,-0.3522,0.1894
4418,-0.1691,0.1067,-0.3537,0.1838
4424,-0.1647,0.1135,-0.3542,0.1774
4430,-0.1603,0.1196,-0.3538,0.1703
4436,-0.156,0.1251,-0.3525,0.1627
4442,-0.1519,0.1301,-0.3504,0.1545
4448,-0.1479,0.1346,-0.3476,0.146
4455,-0.1442,0.1385,-0.3442,0.137
4461,-0.1408,0.142,-0.3403,0.1276
4467,-0.1377,0.1451,-0.3358,0.1179
4473,-0.1349,0.1477,-0.3309,0.108
4479,-0.1324,0.1499,-0.3255,0.0977
4485,-0.1303,0.1517,-0.3197,0.0873
4491,-0.1286,0.1531,-0.3134,0.0766
4497,-0.1273,0.1542,-0.3067,0.0657
4503,-0.1265,0.1549,-0.2995,0.0547
4509,-0.126,0.1553,-0.2919,0.0436
4515,-0.1261,0.1553,-0.2839,0.0324
4521,-0.1266,0.1548,-0.2754,0.0212
4527,-0.1276,0.154,-0.2665,0.0101
4533,-0.1291,0.1527,-0.2571,-0.001
4539,-0.1312,0.151,-0.2473,-0.0119
4545,-0.1338,0.1487,-0.2371,-0.0225
4552,-0.1368,0.1459,-0.2265,-0.0329
4558,-0.1404,0.1424,-0.2155,-0.0429
4564,-0.1444,0.1384,-0.2042,-0.0525
4570,-0.1489,0.1335,-0.1927,-0.0616
4576,-0.1537,0.128,-0.1809,-0.0702
4582,-0.1588,0.1215,-0.169,-0.0782
4588,-0.1642,0.1142,-0.1571,-0.0856
4594,-0.1696,0.106,-0.1452,-0.0925
4600,-0.175,0.0968,-0.1334,-0.0988
4606,-0.1803,0.0867,-0.1218,-0.1046
4612,-0.1852,0.0755,-0.1105,-0.11
4618,-0.1897,0.0634,-0.0994,-0.1151
4624,-0.1935,0.0504,-0.0886,-0.1199
4630,-0.1966,0.0365,-0.0781,-0.1246
4636,-0.1988,0.0219,-0.0679,-0.1293
4642,-0.1999,0.0067,-0.0579,-0.1341
4648,-0.1998,-0.009,-0.048,-0.1392
4655,-0.1984,-0.025,-0.0381,-0.1446
4661,-0.1957,-0.0412,-0.0281,-0.1504
4667,-0.1916,-0.0573,-0.018,-0.1566
4673,-0.1861,-0.0732,-0.0076,-0.1634
4679,-0.1792,-0.0887,0.0032,-0.1708
4685,-0.171,-0.1036,0.0143,-0.1787
4691,-0.1616,-0.1178,0.026,-0.1871
4697,-0.151,-0.1312,0.0382,-0.1961
4703,-0.1393,-0.1435,0.0508,-0.2056
4709,-0.1267,-0.1548,0.0639,-0.2156
4715,-0.1131,-0.1649,0.0773,-0.2261
4721,-0.0987,-0.1739,0.091,-0.2371
4727,-0.0836,-0.1817,0.1049,-0.2485
4733,-0.0678,-0.1882,0.1188,-0.2602
4739,-0.0512,-0.1933,0.1326,-0.2722
4745,-0.0339,-0.1971,0.146,-0.2845
4752,-0.0158,-0.1994,0.1589,-0.2968
4758,0.0031,-0.2,0.1708,-0.3089
4764,0.0228,-0.1987,0.1814,-0.3206
4770,0.0434,-0.1952,0.1901,-0.3312
4776,0.0648,-0.1892,0.1964,-0.3398
4782,0.0863,-0.1804,0.1996,-0.3452
4788,0.107,-0.169,0.1996,-0.3462
4794,0.1258,-0.1555,0.1969,-0.3424
4800,0.1421,-0.1408,0.1923,-0.3344
4806,0.1557,-0.1256,0.1868,-0.3231
4812,0.1668,-0.1103,0.1809,-0.3098
4818,0.1759,-0.0951,0.1749,-0.2951
4824,0.1833,-0.0801,0.1689,-0.2796
4830,0.189,-0.0654,0.1629,-0.2637
4836,0.1934,-0.0509,0.157,-0.2476
4842,0.1966,-0.0367,0.1512,-0.2315
4848,0.1987,-0.0228,0.1454,-0.2156
4855,0.1998,-0.0092,0.1396,-0.2
4861,0.2,0.004,0.1338,-0.1847
4867,0.1993,0.017,0.128,-0.1699
4873,0.1978,0.0296,0.1222,-0.1556
4879,0.1956,0.0418,0.1162,-0.1418
4885,0.1927,0.0537,0.1102,-0.1285
4891,0.1891,0.0652,0.1041,-0.1159
4897,0.1849,0.0762,0.0979,-0.1039
4903,0.1802,0.0868,0.0915,-0.0924
4909,0.1749,0.097,0.085,-0.0817
4915,0.1692,0.1066,0.0784,-0.0715
4921,0.1631,0.1158,0.0716,-0.062
4927,0.1565,0.1245,0.0647,-0.0532
4933,0.1497,0.1326,0.0576,-0.0449
4939,0.1426,0.1403,0.0505,-0.0373
4945,0.1352,0.1474,0.0432,-0.0302
4952,0.1276,0.154,0.0358,-0.0237
4958,0.1199,0.1601,0.0283,-0.0177
4964,0.1121,0.1656,0.0207,-0.0123
4970,0.1041,0.1708,0.0131,-0.0073
4976,0.0961,0.1754,0.0054,-0.0028
4982,0.088,0.1796,-0.0024,0.0012
4988,0.0799,0.1833,-0.0101,0.0048
4994,0.0718,0.1867,-0.018,0.0079
5000,0.0636,0.1896,-0.0258,0.0107
5006,0.0555,0.1922,-0.0336,0.0131
5012,0.0473,0.1943,-0.0415,0.0151
5018,0.0391,0.1961,-0.0493,0.0168
5024,0.031,0.1976,-0.0572,0.0181
5030,0.0228,0.1987,-0.065,0.019
5036,0.0146,0.1995,-0.0729,0.0196
5042,0.0065,0.1999,-0.0807,0.0199
5048,-0.0017,0.2,-0.0885,0.0198
5055,-0.0099,0.1998,-0.0963,0.0194
5061,-0.0181,0.1992,-0.1041,0.0186
5067,-0.0263,0.1983,-0.1119,0.0175
5073,-0.0345,0.197,-0.1197,0.0161
5079,-0.0427,0.1954,-0.1275,0.0143
5085,-0.0509,0.1934,-0.1352,0.0121
5091,-0.0591,0.1911,-0.143,0.0095
5097,-0.0673,0.1884,-0.1508,0.0066
5103,-0.0754,0.1852,-0.1586,0.0034
5109,-0.0836,0.1817,-0.1664,-0.0003
5115,-0.0916,0.1778,-0.1742,-0.0044
5121,-0.0997,0.1734,-0.1821,-0.0088
5127,-0.1076,0.1686,-0.1899,-0.0137
5133,-0.1155,0.1633,-0.1978,-0.019
5139,-0.1232,0.1576,-0.2057,-0.0246
5145,-0.1308,0.1513,-0.2136,-0.0307
5152,-0.1382,0.1446,-0.2216,-0.0372
5158,-0.1454,0.1373,-0.2296,-0.0441
5164,-0.1524,0.1295,-0.2375,-0.0514
5170,-0.1591,0.1212,-0.2456,-0.0592
5176,-0.1655,0.1123,-0.2536,-0.0673
5182,-0.1716,0.1028,-0.2616,-0.0758
5188,-0.1772,0.0927,-0.2697,-0.0846
5194,-0.1824,0.082,-0.2777,-0.0938
5200,-0.1871,0.0707,-0.2857,-0.1033
5206,-0.1912,0.0587,-0.2936,-0.1131
5212,-0.1946,0.046,-0.3015,-0.123
5218,-0.1973,0.0326,-0.3092,-0.1331
5224,-0.1991,0.0185,-0.3167,-0.1433
5230,-0.2,0.0036,-0.3239,-0.1534
5236,-0.1996,-0.0121,-0.3306,-0.1633
5242,-0.1979,-0.0286,-0.3366,-0.1727
5248,-0.1947,-0.0459,-0.3417,-0.1815
5255,-0.1896,-0.0637,-0.3453,-0.1893
5261,-0.1825,-0.0819,-0.3468,-0.1958
5267,-0.1733,-0.0999,-0.3459,-0.201
5273,-0.1621,-0.1171,-0.3419,-0.2047
5279,-0.1493,-0.1331,-0.335,-0.2074
5285,-0.1352,-0.1474,-0.3254,-0.2094
5291,-0.1202,-0.1598,-0.3136,-0.2109
5297,-0.1045,-0.1705,-0.3001,-0.2124
5303,-0.0883,-0.1794,-0.2853,-0.214
5309,-0.0717,-0.1867,-0.2696,-0.2158
5315,-0.0548,-0.1924,-0.2532,-0.2178
5321,-0.0377,-0.1964,-0.2362,-0.2201
5327,-0.0204,-0.199,-0.219,-0.2228
5333,-0.0031,-0.2,-0.2015,-0.2258
5339,0.0141,-0.1995,-0.1838,-0.2291
5345,0.031,-0.1976,-0.1659,-0.2327
5352,0.0476,-0.1943,-0.1479,-0.2367
5358,0.0636,-0.1896,-0.1297,-0.241
5364,0.0789,-0.1838,-0.1113,-0.2456
5370,0.0934,-0.1769,-0.0926,-0.2504
5376,0.1068,-0.1691,-0.0735,-0.2555
5382,0.1192,-0.1606,-0.0539,-0.2607
5388,0.1304,-0.1516,-0.0337,-0.2659
5394,0.1403,-0.1425,-0.0129,-0.271
5400,0.149,-0.1334,0.0087,-0.2758
5406,0.1565,-0.1245,0.031,-0.2803
5412,0.1628,-0.1162,0.0541,-0.2841
5418,0.168,-0.1086,0.0779,-0.2872
5424,0.1721,-0.1019,0.1024,-0.2893
5430,0.1753,-0.0962,0.1274,-0.2904
5436,0.1777,-0.0917,0.1528,-0.2902
5442,0.1793,-0.0885,0.1784,-0.2885
5448,0.1802,-0.0867,0.2041,-0.2853
5455,0.1804,-0.0864,0.2294,-0.2803
5461,0.1799,-0.0875,0.2542,-0.2732
5467,0.1785,-0.0901,0.2778,-0.2637
5473,0.1764,-0.0942,0.2997,-0.2517
5479,0.1735,-0.0995,0.319,-0.2367
5485,0.1698,-0.1056,0.3348,-0.2187
5491,0.1657,-0.112,0.3462,-0.1981
5497,0.1614,-0.1181,0.353,-0.1757
5503,0.1574,-0.1234,0.3553,-0.1522
5509,0.1539,-0.1277,0.3539,-0.1286
5515,0.151,-0.1312,0.3493,-0.1053
5521,0.1487,-0.1337,0.3421,-0.0826
5527,0.1472,-0.1354,0.3328,-0.0609
5533,0.1462,-0.1365,0.3216,-0.0403
5539,0.1459,-0.1368,0.3089,-0.0209
5545,0.1461,-0.1365,0.2948,-0.0028
5552,0.1469,-0.1357,0.2797,0.0139
5558,0.1483,-0.1342,0.2635,0.0292
5564,0.15,-0.1322,0.2465,0.043
5570,0.1523,-0.1297,0.2288,0.0551
5576,0.1549,-0.1266,0.2106,0.0655
5582,0.1578,-0.1229,0.192,0.0742
5588,0.161,-0.1186,0.1731,0.081
5594,0.1645,-0.1137,0.1541,0.086
5600,0.1682,-0.1083,0.1352,0.089
5606,0.1719,-0.1022,0.1166,0.09
5612,0.1757,-0.0956,0.0985,0.0889
5618,0.1794,-0.0883,0.0811,0.0858
5624,0.1831,-0.0805,0.0646,0.0806
5630,0.1865,-0.0722,0.0494,0.0734
5636,0.1897,-0.0635,0.0357,0.0642
5642,0.1925,-0.0543,0.0238,0.0532
5648,0.1949,-0.0449,0.014,0.0404
5655,0.1969,-0.0353,0.0066,0.0262
5661,0.1983,-0.0258,0.0017,0.0108
5667,0.1993,-0.0164,-0.0004,-0.0054
5673,0.1999,-0.0074,0.0004,-0.0222
5679,0.2,0.001,0.0041,-0.0391
5685,0.1998,0.0087,0.0105,-0.0559
5691,0.1994,0.0154,0.0195,-0.0721
5697,0.1989,0.0211,0.0309,-0.0875
5703,0.1983,0.0257,0.0444,-0.102
5709,0.1979,0.0291,0.0595,-0.1154
5715,0.1975,0.0313,0.0761,-0.1277
5721,0.1974,0.0322,0.0938,-0.1389
5727,0.1974,0.0319,0.1123,-0.1491
5733,0.1977,0.0305,0.1315,-0.1583
5739,0.1981,0.0278,0.1511,-0.1666
5745,0.1985,0.0241,0.171,-0.174
5752,0.1991,0.0191,0.191,-0.1807
5758,0.1996,0.0131,0.2111,-0.1866
5764,0.1999,0.0058,0.2312,-0.1917
5770,0.2,-0.0027,0.251,-0.196
5776,0.1996,-0.0124,0.2705,-0.1994
5782,0.1986,-0.0234,0.2894,-0.2016
5788,0.1968,-0.0359,0.3075,-0.2024
5794,0.1937,-0.0498,0.324,-0.2015
5800,0.1891,-0.0651,0.3383,-0.1983
5806,0.1827,-0.0814,0.3491,-0.1923
5812,0.1744,-0.0979,0.3551,-0.1836
5818,0.1646,-0.1136,0.3557,-0.1726
5824,0.1539,-0.1278,0.3512,-0.1604
5830,0.1428,-0.1401,0.3426,-0.1479
5836,0.1315,-0.1507,0.331,-0.1356
5842,0.1203,-0.1597,0.3171,-0.1237
5848,0.1092,-0.1675,0.3015,-0.1126
5855,0.0982,-0.1742,0.2847,-0.1021
5861,0.0872,-0.18,0.267,-0.0924
5867,0.0762,-0.1849,0.2486,-0.0834
5873,0.0653,-0.189,0.2296,-0.075
5879,0.0543,-0.1925,0.2102,-0.0673
5885,0.0432,-0.1953,0.1906,-0.0601
5891,0.032,-0.1974,0.1709,-0.0535
5897,0.0207,-0.1989,0.1511,-0.0472
5903,0.0093,-0.1998,0.1313,-0.0413
5909,-0.0022,-0.2,0.1116,-0.0355
5915,-0.0139,-0.1995,0.0921,-0.0299
5921,-0.0256,-0.1984,0.0729,-0.0243
5927,-0.0373,-0.1965,0.0539,-0.0185
5933,-0.049,-0.1939,0.0352,-0.0125
5939,-0.0605,-0.1906,0.0168,-0.0062
5945,-0.0717,-0.1867,-0.0012,0.0005
5952,-0.0825,-0.1822,-0.019,0.0075
5958,-0.0929,-0.1771,-0.0366,0.0148
5964,-0.1028,-0.1716,-0.054,0.0224
5970,-0.1121,-0.1656,-0.0713,0.0301
5976,-0.1208,-0.1594,-0.0884,0.038
5982,-0.1289,-0.1529,-0.1056,0.0457
5988,-0.1364,-0.1462,-0.1227,0.0533
5994,-0.1434,-0.1394,-0.1397,0.0606
6000,-0.1499,-0.1324,-0.1568,0.0675
6006,-0.1559,-0.1252,-0.1739,0.0739
6012,-0.1615,-0.118,-0.191,0.0799
6018,-0.1667,-0.1105,-0.208,0.0851
6024,-0.1715,-0.103,-0.225,0.0897
6030,-0.1759,-0.0952,-0.2418,0.0936
6036,-0.1799,-0.0873,-0.2585,0.0966
6042,-0.1837,-0.0791,-0.275,0.0988
6048,-0.1871,-0.0707,-0.2912,0.1001
6055,-0.1902,-0.062,-0.307,0.1004
6061,-0.1929,-0.0529,-0.3223,0.0996
6067,-0.1952,-0.0434,-0.337,0.0977
6073,-0.1972,-0.0335,-0.3508,0.0946
6079,-0.1987,-0.023,-0.3635,0.0902
6085,-0.1996,-0.0121,-0.3747,0.0845
6091,-0.2,-0.0007,-0.3841,0.0774
6097,-0.1997,0.011,-0.3911,0.0689
6103,-0.1987,0.0228,-0.3953,0.0593
6109,-0.197,0.0344,-0.3965,0.0487
6115,-0.1948,0.0452,-0.3947,0.0375
6121,-0.1923,0.0551,-0.3901,0.0261
6127,-0.1895,0.064,-0.3833,0.0146
6133,-0.1867,0.0717,-0.3747,0.0033
6139,-0.184,0.0783,-0.3645,-0.0079
6145,-0.1816,0.0838,-0.3532,-0.0189
6152,-0.1794,0.0884,-0.3408,-0.0296
6158,-0.1775,0.0921,-0.3276,-0.0401
6164,-0.1761,0.0949,-0.3136,-0.0503
6170,-0.175,0.0968,-0.299,-0.0601
6176,-0.1744,0.0979,-0.2838,-0.0696
6182,-0.1743,0.0981,-0.2681,-0.0786
6188,-0.1747,0.0974,-0.2519,-0.0871
6194,-0.1755,0.0958,-0.2353,-0.095
6200,-0.1769,0.0933,-0.2184,-0.1023
6206,-0.1787,0.0899,-0.2013,-0.1089
6212,-0.1809,0.0854,-0.184,-0.1146
6218,-0.1834,0.0798,-0.1667,-0.1195
6224,-0.1861,0.0731,-0.1496,-0.1235
6230,-0.189,0.0653,-0.1326,-0.1265
6236,-0.1919,0.0564,-0.1161,-0.1287
6242,-0.1946,0.0462,-0.1,-0.13
6248,-0.1969,0.035,-0.0846,-0.1305
6255,-0.1987,0.0226,-0.0698,-0.1303
6261,-0.1998,0.0092,-0.0558,-0.1296
6267,-0.1999,-0.0051,-0.0426,-0.1285
6273,-0.199,-0.0201,-0.0301,-0.1272
6279,-0.1968,-0.0357,-0.0183,-0.1259
6285,-0.1932,-0.0517,-0.007,-0.1246
6291,-0.1882,-0.0678,0.0039,-0.1235
6297,-0.1816,-0.0838,0.0146,-0.1227
6303,-0.1735,-0.0995,0.0252,-0.1223
6309,-0.1639,-0.1146,0.036,-0.1222
6315,-0.1529,-0.129,0.047,-0.1225
6321,-0.1405,-0.1423,0.0585,-0.1232
6327,-0.1271,-0.1545,0.0706,-0.1241
6333,-0.1126,-0.1653,0.0834,-0.1253
6339,-0.0973,-0.1747,0.0968,-0.1268
6345,-0.0815,-0.1826,0.111,-0.1284
6352,-0.0652,-0.1891,0.1259,-0.1302
6358,-0.0488,-0.194,0.1414,-0.1321
6364,-0.0322,-0.1974,0.1576,-0.1342
6370,-0.0157,-0.1994,0.1742,-0.1365
6376,0.0008,-0.2,0.1912,-0.139
6382,0.017,-0.1993,0.2085,-0.1418
6388,0.0329,-0.1973,0.226,-0.1449
6394,0.0486,-0.194,0.2434,-0.1484
6400,0.0641,-0.1895,0.2606,-0.1523
6406,0.0793,-0.1836,0.2774,-0.1566
6412,0.0942,-0.1764,0.2936,-0.1614
6418,0.1088,-0.1678,0.3088,-0.1666
6424,0.1232,-0.1576,0.3227,-0.1721
6430,0.1371,-0.1456,0.3345,-0.1779
6436,0.1505,-0.1317,0.3437,-0.1836
6442,0.163,-0.1159,0.3493,-0.1886
6448,0.1741,-0.0985,0.3507,-0.1923
6455,0.1832,-0.0803,0.3476,-0.1941
6461,0.1901,-0.0621,0.3408,-0.1936
6467,0.195,-0.0446,0.3312,-0.191
6473,0.198,-0.0282,0.3197,-0.1869
6479,0.1996,-0.0128,0.307,-0.1815
6485,0.2,0.0014,0.2935,-0.1753
6491,0.1995,0.0147,0.2796,-0.1686
6497,0.1982,0.027,0.2653,-0.1614
6503,0.1963,0.0384,0.2508,-0.154
6509,0.1939,0.049,0.2361,-0.1465
6515,0.1912,0.0588,0.2214,-0.1389
6521,0.1881,0.0679,0.2066,-0.1313
6527,0.1849,0.0763,0.1917,-0.1236
6533,0.1815,0.084,0.1769,-0.116
6539,0.1781,0.0911,0.1621,-0.1083
6545,0.1746,0.0975,0.1472,-0.1006
6552,0.1712,0.1033,0.1325,-0.0929
6558,0.168,0.1086,0.1178,-0.085
6564,0.1648,0.1133,0.1033,-0.077
6570,0.1619,0.1174,0.089,-0.0688
6576,0.1592,0.1211,0.0749,-0.0603
6582,0.1567,0.1242,0.0611,-0.0514
6588,0.1546,0.1269,0.0478,-0.0422
6594,0.1526,0.1292,0.035,-0.0325
6600,0.151,0.1312,0.0227,-0.0223
6606,0.1496,0.1328,0.0112,-0.0117
6612,0.1484,0.1341,0.0005,-0.0005
6618,0.1473,0.1353,-0.0094,0.011
6624,0.1464,0.1363,-0.0184,0.0229
6630,0.1456,0.1371,-0.0264,0.0351
6636,0.1448,0.1379,-0.0335,0.0474
6642,0.1441,0.1387,-0.0397,0.0599
6648,0.1434,0.1394,-0.045,0.0724
6655,0.1427,0.1401,-0.0495,0.0848
6661,0.142,0.1409,-0.0532,0.0971
6667,0.1412,0.1416,-0.0561,0.1092
6673,0.1405,0.1424,-0.0584,0.121
6679,0.1397,0.1431,-0.06,0.1326
6685,0.1389,0.1439,-0.0611,0.1438
6691,0.1381,0.1447,-0.0617,0.1547
6697,0.1372,0.1455,-0.0618,0.1652
6703,0.1364,0.1462,-0.0615,0.1753
6709,0.1356,0.147,-0.0607,0.1849
6715,0.1348,0.1477,-0.0597,0.1942
6721,0.1341,0.1484,-0.0583,0.203
6727,0.1334,0.149,-0.0567,0.2113
6733,0.1327,0.1496,-0.0548,0.2193
6739,0.1321,0.1502,-0.0526,0.2268
6745,0.1316,0.1506,-0.0503,0.2338
6752,0.1311,0.151,-0.0478,0.2404
6758,0.1308,0.1513,-0.0451,0.2465
6764,0.1305,0.1516,-0.0423,0.2523
6770,0.1303,0.1517,-0.0394,0.2575
6776,0.1303,0.1518,-0.0364,0.2624
6782,0.1303,0.1517,-0.0332,0.2668
6788,0.1305,0.1516,-0.03,0.2709
6794,0.1308,0.1513,-0.0267,0.2745
6800,0.1313,0.1509,-0.0234,0.2777
6806,0.1319,0.1504,-0.02,0.2805
6812,0.1326,0.1497,-0.0166,0.2829
6818,0.1335,0.1489,-0.0131,0.2849
6824,0.1346,0.148,-0.0096,0.2865
6830,0.1358,0.1468,-0.0061,0.2878
6836,0.1371,0.1456,-0.0026,0.2886
6842,0.1387,0.1441,0.0009,0.2891
6848,0.1403,0.1425,0.0045,0.2893
6855,0.1422,0.1407,0.008,0.289
6861,0.1441,0.1386,0.0116,0.2884
6867,0.1463,0.1364,0.0152,0.2874
6873,0.1485,0.1339,0.0188,0.2861
6879,0.1509,0.1312,0.0223,0.2844
6885,0.1534,0.1283,0.0259,0.2823
6891,0.1561,0.1251,0.0295,0.2799
6897,0.1588,0.1216,0.0331,0.2771
6903,0.1616,0.1178,0.0367,0.2739
6909,0.1645,0.1137,0.0403,0.2704
6915,0.1675,0.1093,0.0439,0.2665
6921,0.1705,0.1046,0.0475,0.2623
6927,0.1735,0.0995,0.0511,0.2577
6933,0.1765,0.0941,0.0547,0.2527
6939,0.1795,0.0883,0.0583,0.2474
6945,0.1824,0.0821,0.0619,0.2417
6952,0.1852,0.0754,0.0655,0.2356
6958,0.1879,0.0684,0.069,0.2292
6964,0.1905,0.0609,0.0726,0.2225
6970,0.1928,0.053,0.0761,0.2154
6976,0.195,0.0446,0.0797,0.2081
6982,0.1968,0.0358,0.0831,0.2004
6988,0.1982,0.0265,0.0866,0.1924
6994,0.1993,0.0167,0.0899,0.1841
7000,0.1999,0.0064,0.0933,0.1756
7006,0.2,-0.0043,0.0965,0.1668
7012,0.1994,-0.0155,0.0997,0.1578
7018,0.1982,-0.0271,0.1027,0.1487
7024,0.1961,-0.0391,0.1057,0.1393
7030,0.1933,-0.0513,0.1085,0.1298
7036,0.1895,-0.0639,0.1113,0.1202
7042,0.1847,-0.0766,0.1139,0.1104
7048,0.1789,-0.0894,0.1164,0.1006
7055,0.1719,-0.1022,0.1189,0.0907
7061,0.1638,-0.1147,0.1213,0.0807
7067,0.1545,-0.127,0.1236,0.0706
7073,0.144,-0.1388,0.1258,0.0604
7079,0.1323,-0.15,0.1281,0.05
7085,0.1196,-0.1603,0.1303,0.0394
7091,0.1058,-0.1697,0.1326,0.0285
7097,0.0911,-0.178,0.1348,0.0171
7103,0.0757,-0.1851,0.137,0.0053
7109,0.0598,-0.1908,0.1391,-0.0073
7115,0.0436,-0.1952,0.1411,-0.0206
7121,0.0272,-0.1981,0.1427,-0.0348
7127,0.0111,-0.1997,0.1438,-0.0501
7133,-0.0047,-0.1999,0.1442,-0.0665
7139,-0.0198,-0.199,0.1438,-0.084
7145,-0.0341,-0.1971,0.1422,-0.1027
7152,-0.0473,-0.1943,0.1393,-0.1224
7158,-0.0593,-0.191,0.1349,-0.1431
7164,-0.07,-0.1874,0.1287,-0.1646
7170,-0.0793,-0.1836,0.1207,-0.1866
7176,-0.0871,-0.18,0.1108,-0.209
7182,-0.0935,-0.1768,0.0989,-0.2315
7188,-0.0984,-0.1741,0.0851,-0.2537
7194,-0.1018,-0.1721,0.0694,-0.2755
7200,-0.1038,-0.171,0.0518,-0.2966
7206,-0.1043,-0.1707,0.0325,-0.3166
7212,-0.1032,-0.1713,0.0116,-0.3352
7218,-0.1004,-0.173,-0.011,-0.3519
7224,-0.0958,-0.1755,-0.0349,-0.366
7230,-0.0893,-0.179,-0.06,-0.3768
7236,-0.0806,-0.183,-0.0858,-0.383
7242,-0.0701,-0.1873,-0.1114,-0.383
7248,-0.0585,-0.1913,-0.1354,-0.3759
7255,-0.047,-0.1944,-0.1563,-0.3619
7261,-0.0369,-0.1966,-0.1736,-0.3425
7267,-0.0285,-0.198,-0.1873,-0.3196
7273,-0.022,-0.1988,-0.1977,-0.2944
7279,-0.0174,-0.1992,-0.2052,-0.2681
7285,-0.0144,-0.1995,-0.21,-0.2411
7291,-0.0131,-0.1996,-0.2126,-0.214
7297,-0.0132,-0.1996,-0.2128,-0.187
7303,-0.0149,-0.1994,-0.211,-0.1606
7309,-0.0179,-0.1992,-0.2072,-0.1349
7315,-0.0222,-0.1988,-0.2015,-0.1102
7321,-0.0278,-0.1981,-0.194,-0.0868
7327,-0.0346,-0.197,-0.1847,-0.0649
7333,-0.0425,-0.1954,-0.1739,-0.0447
7339,-0.0514,-0.1933,-0.1617,-0.0264
7345,-0.0612,-0.1904,-0.1483,-0.0104
7352,-0.0717,-0.1867,-0.134,0.0034
7358,-0.0828,-0.182,-0.119,0.0147
7364,-0.0943,-0.1764,-0.1036,0.0234
7370,-0.1058,-0.1697,-0.0881,0.0295
7376,-0.1174,-0.1619,-0.0727,0.033
7382,-0.1287,-0.1531,-0.0579,0.034
7388,-0.1395,-0.1433,-0.0439,0.0324
7394,-0.1498,-0.1326,-0.031,0.0284
7400,-0.1592,-0.1211,-0.0196,0.0221
7406,-0.1678,-0.1089,-0.0098,0.0138
7412,-0.1753,-0.0963,-0.002,0.0035
7418,-0.1818,-0.0834,0.0036,-0.0084
7424,-0.1872,-0.0705,0.0068,-0.0216
7430,-0.1915,-0.0577,0.0073,-0.0358
7436,-0.1948,-0.0454,0.0051,-0.0507
7442,-0.1971,-0.0337,0.0002,-0.0659
7448,-0.1987,-0.0228,-0.0074,-0.081
7455,-0.1996,-0.013,-0.0175,-0.0957
7461,-0.2,-0.0043,-0.03,-0.1097
7467,-0.2,0.003,-0.0445,-0.1228
7473,-0.1998,0.009,-0.0608,-0.1348
7479,-0.1995,0.0137,-0.0786,-0.1457
7485,-0.1993,0.0169,-0.0976,-0.1553
7491,-0.1991,0.0188,-0.1175,-0.1638
7497,-0.1991,0.0193,-0.1381,-0.1712
7503,-0.1991,0.0185,-0.1591,-0.1774
7509,-0.1993,0.0164,-0.1804,-0.1827
7515,-0.1996,0.013,-0.2018,-0.187
7521,-0.1998,0.0083,-0.2232,-0.1903
7527,-0.2,0.0024,-0.2445,-0.1926
7533,-0.1999,-0.005,-0.2654,-0.1939
7539,-0.1995,-0.0137,-0.2858,-0.1941
7545,-0.1986,-0.0238,-0.3054,-0.1929
7552,-0.1968,-0.0356,-0.3237,-0.1901
7558,-0.194,-0.0488,-0.3401,-0.1853
7564,-0.1897,-0.0635,-0.3535,-0.1782
7570,-0.1838,-0.079,-0.3626,-0.1684
7576,-0.1763,-0.0944,-0.3665,-0.1564
7582,-0.1678,-0.1089,-0.3649,-0.1429
7588,-0.1587,-0.1218,-0.3585,-0.129
7594,-0.1493,-0.133,-0.3486,-0.1152
7600,-0.14,-0.1428,-0.3358,-0.102
7606,-0.1308,-0.1513,-0.3211,-0.0897
7612,-0.1217,-0.1587,-0.3047,-0.0781
7618,-0.1127,-0.1652,-0.2872,-0.0675
7624,-0.1039,-0.1709,-0.2688,-0.0577
7630,-0.0952,-0.1759,-0.2496,-0.0488
7636,-0.0865,-0.1803,-0.2298,-0.0408
7642,-0.0779,-0.1842,-0.2095,-0.0336
7648,-0.0694,-0.1876,-0.1888,-0.0271
7655,-0.0609,-0.1905,-0.1678,-0.0215
7661,-0.0523,-0.193,-0.1466,-0.0166
7667,-0.0438,-0.1951,-0.1251,-0.0124
7673,-0.0353,-0.1969,-0.1036,-0.0089
7679,-0.0267,-0.1982,-0.0819,-0.006
7685,-0.0181,-0.1992,-0.0602,-0.0037
7691,-0.0094,-0.1998,-0.0385,-0.0019
7697,-0.0008,-0.2,-0.0167,-0.0006
7703,0.0079,-0.1998,0.0051,0.0001
7709,0.0165,-0.1993,0.0269,0.0004
7715,0.0251,-0.1984,0.0487,0.0002
7721,0.0336,-0.1972,0.0704,-0.0006
7727,0.0421,-0.1955,0.0921,-0.0019
7733,0.0504,-0.1935,0.1138,-0.0038
7739,0.0587,-0.1912,0.1353,-0.0064
7745,0.067,-0.1884,0.1568,-0.0097
7752,0.0752,-0.1853,0.178,-0.0137
7758,0.0834,-0.1818,0.199,-0.0185
7764,0.0916,-0.1778,0.2196,-0.0242
7770,0.0998,-0.1733,0.2399,-0.0306
7776,0.108,-0.1683,0.2596,-0.0379
7782,0.1163,-0.1627,0.2788,-0.0461
7788,0.1247,-0.1564,0.2972,-0.0552
7794,0.1331,-0.1493,0.3146,-0.0653
7800,0.1416,-0.1413,0.3307,-0.0762
7806,0.1501,-0.1321,0.3452,-0.0881
7812,0.1587,-0.1217,0.3576,-0.1008
7818,0.1671,-0.1098,0.3671,-0.1142
7824,0.1752,-0.0964,0.3727,-0.1278
7830,0.1826,-0.0817,0.3736,-0.141
7836,0.1887,-0.0662,0.369,-0.1528
7842,0.1934,-0.0511,0.3594,-0.1626
7848,0.1965,-0.037,0.3458,-0.1701
7855,0.1985,-0.0244,0.3294,-0.1756
7861,0.1996,-0.0133,0.3112,-0.1793
7867,0.2,-0.0038,0.2917,-0.1815
7873,0.2,0.0043,0.2714,-0.1825
7879,0.1997,0.0111,0.2505,-0.1824
7885,0.1993,0.0164,0.2293,-0.1813
7891,0.1989,0.0205,0.2079,-0.1793
7897,0.1986,0.0234,0.1865,-0.1763
7903,0.1984,0.0249,0.1651,-0.1723
7909,0.1984,0.0251,0.1439,-0.1673
7915,0.1985,0.0241,0.1232,-0.1612
7921,0.1988,0.0216,0.1031,-0.1539
7927,0.1992,0.0178,0.0838,-0.1455
7933,0.1996,0.0127,0.0656,-0.1358
7939,0.1999,0.0061,0.0489,-0.125
7945,0.2,-0.0018,0.0338,-0.1131
7952,0.1997,-0.011,0.0207,-0.1002
7958,0.1988,-0.0214,0.0098,-0.0866
7964,0.1973,-0.0329,0.0013,-0.0725
7970,0.1948,-0.0451,-0.0047,-0.0583
7976,0.1914,-0.0581,-0.0081,-0.0443
7982,0.1868,-0.0715,-0.009,-0.0308
7988,0.181,-0.0851,-0.0075,-0.0181
7994,0.174,-0.0986,-0.0036,-0.0067
8000,0.1658,-0.1119,0.0023,0.0033
8006,0.1563,-0.1247,0.0101,0.0117
8012,0.1458,-0.1369,0.0195,0.0182
8018,0.1343,-0.1482,0.0303,0.0226
8024,0.122,-0.1585,0.0422,0.0249
8030,0.109,-0.1677,0.0549,0.0248
8036,0.0955,-0.1757,0.0682,0.0224
8042,0.0817,-0.1825,0.0818,0.0175
8048,0.0679,-0.1881,0.0954,0.01
8055,0.0544,-0.1925,0.1087,0
8061,0.0412,-0.1957,0.1214,-0.0125
8067,0.0287,-0.1979,0.1332,-0.0274
8073,0.017,-0.1993,0.1438,-0.0446
8079,0.0063,-0.1999,0.153,-0.0639
8085,-0.0032,-0.2,0.1606,-0.0851
8091,-0.0114,-0.1997,0.1663,-0.1079
8097,-0.0183,-0.1992,0.1701,-0.1321
8103,-0.0238,-0.1986,0.1719,-0.1574
8109,-0.0279,-0.198,0.1716,-0.1834
8115,-0.0304,-0.1977,0.1692,-0.21
8121,-0.0314,-0.1975,0.1647,-0.2368
8127,-0.0309,-0.1976,0.158,-0.2635
8133,-0.0286,-0.1979,0.149,-0.2898
8139,-0.0246,-0.1985,0.1378,-0.3152
8145,-0.0187,-0.1991,0.124,-0.3392
8152,-0.0107,-0.1997,0.1076,-0.3609
8158,-0.0006,-0.2,0.0884,-0.3791
8164,0.0114,-0.1997,0.0665,-0.392
8170,0.0246,-0.1985,0.0424,-0.3977
8176,0.0374,-0.1965,0.0176,-0.3955
8182,0.0486,-0.194,-0.0066,-0.3863
8188,0.0576,-0.1915,-0.0291,-0.3717
8194,0.0644,-0.1893,-0.0498,-0.3535
8200,0.0692,-0.1876,-0.0684,-0.3327
8206,0.0721,-0.1865,-0.0851,-0.3102
8212,0.0733,-0.1861,-0.0997,-0.2864
8218,0.0729,-0.1862,-0.1123,-0.2618
8224,0.0709,-0.187,-0.1229,-0.2367
8230,0.0673,-0.1883,-0.1313,-0.2115
8236,0.0623,-0.1901,-0.1377,-0.1863
8242,0.0557,-0.1921,-0.142,-0.1616
8248,0.0477,-0.1942,-0.1441,-0.1375
8255,0.0382,-0.1963,-0.1442,-0.1144
8261,0.0274,-0.1981,-0.1424,-0.0926
8267,0.0154,-0.1994,-0.1389,-0.0721
8273,0.0022,-0.2,-0.1338,-0.0534
8279,-0.0118,-0.1996,-0.1273,-0.0364
8285,-0.0267,-0.1982,-0.1198,-0.0212
8291,-0.042,-0.1955,-0.1115,-0.008
8297,-0.0575,-0.1916,-0.1026,0.0033
8303,-0.0731,-0.1862,-0.0934,0.0128
8309,-0.0885,-0.1794,-0.084,0.0206
8315,-0.1034,-0.1712,-0.0746,0.0267
8321,-0.1177,-0.1617,-0.0655,0.0314
8327,-0.1312,-0.151,-0.0566,0.0346
8333,-0.1436,-0.1392,-0.048,0.0365
8339,-0.155,-0.1263,-0.0399,0.0372
8345,-0.1652,-0.1127,-0.0324,0.0368
8352,-0.1742,-0.0983,-0.0255,0.0354
8358,-0.1818,-0.0834,-0.0192,0.033
8364,-0.188,-0.0682,-0.0136,0.0298
8370,-0.1929,-0.0526,-0.0089,0.0257
8376,-0.1965,-0.037,-0.0051,0.0208
8382,-0.1988,-0.0214,-0.0023,0.0153
8388,-0.1999,-0.006,-0.0005,0.0093
8394,-0.1998,0.0091,0.0001,0.0028
8400,-0.1986,0.0239,-0.0005,-0.004
8406,-0.1963,0.0381,-0.0025,-0.011
8412,-0.1932,0.0517,-0.0058,-0.018
8418,-0.1892,0.0647,-0.0104,-0.0249
8424,-0.1846,0.0769,-0.0165,-0.0314
8430,-0.1794,0.0883,-0.0239,-0.0374
8436,-0.1738,0.0989,-0.0326,-0.0427
8442,-0.168,0.1086,-0.0425,-0.0472
8448,-0.162,0.1173,-0.0535,-0.0507
8455,-0.1559,0.1252,-0.0654,-0.0531
8461,-0.1501,0.1322,-0.0781,-0.0544
8467,-0.1444,0.1384,-0.0914,-0.0545
8473,-0.1391,0.1437,-0.1051,-0.0534
8479,-0.1343,0.1482,-0.1191,-0.0512
8485,-0.1299,0.1521,-0.1331,-0.0479
8491,-0.1261,0.1552,-0.1472,-0.0436
8497,-0.1229,0.1578,-0.1611,-0.0385
8503,-0.1203,0.1598,-0.1748,-0.0326
8509,-0.1183,0.1613,-0.1883,-0.0261
8515,-0.1169,0.1623,-0.2013,-0.019
8521,-0.1161,0.1629,-0.2141,-0.0115
8527,-0.1159,0.163,-0.2264,-0.0037
8533,-0.1162,0.1628,-0.2384,0.0044
8539,-0.1171,0.1622,-0.2499,0.0126
8545,-0.1184,0.1612,-0.261,0.0209
8552,-0.1203,0.1598,-0.2718,0.0293
8558,-0.1225,0.1581,-0.2822,0.0376
8564,-0.1252,0.156,-0.2921,0.0458
8570,-0.1282,0.1535,-0.3017,0.054
8576,-0.1317,0.1506,-0.311,0.062
8582,-0.1354,0.1472,-0.3198,0.0698
8588,-0.1394,0.1434,-0.3282,0.0774
8594,-0.1437,0.1391,-0.3362,0.0849
8600,-0.1483,0.1342,-0.3438,0.0921
8606,-0.153,0.1288,-0.3508,0.099
8612,-0.1579,0.1227,-0.3572,0.1057
8618,-0.1629,0.116,-0.3629,0.112
8624,-0.168,0.1085,-0.3678,0.1181
8630,-0.1731,0.1002,-0.3717,0.1237
8636,-0.178,0.0912,-0.3744,0.1288
8642,-0.1827,0.0813,-0.3758,0.1333
8648,-0.1871,0.0708,-0.3758,0.137
8655,-0.1909,0.0596,-0.3741,0.1399
8661,-0.1941,0.0481,-0.3709,0.1416
8667,-0.1967,0.0363,-0.3663,0.1423
8673,-0.1985,0.0244,-0.3604,0.1418
8679,-0.1996,0.0125,-0.3535,0.1403
8685,-0.2,0.0006,-0.3457,0.1376
8691,-0.1997,-0.0112,-0.3372,0.134
8697,-0.1987,-0.0229,-0.3283,0.1294
8703,-0.197,-0.0345,-0.3189,0.124
8709,-0.1946,-0.0461,-0.3092,0.1179
8715,-0.1916,-0.0575,-0.2993,0.111
8721,-0.1878,-0.0689,-0.2891,0.1035
8727,-0.1832,-0.0802,-0.2789,0.0955
8733,-0.1779,-0.0913,-0.2686,0.0869
8739,-0.1718,-0.1024,-0.2583,0.0779
8745,-0.1648,-0.1133,-0.2479,0.0686
8752,-0.1569,-0.124,-0.2376,0.059
8758,-0.148,-0.1345,-0.2274,0.0491
8764,-0.1382,-0.1446,-0.2172,0.0391
8770,-0.1273,-0.1543,-0.2072,0.0291
8776,-0.1153,-0.1634,-0.1973,0.019
8782,-0.1023,-0.1719,-0.1876,0.009
8788,-0.0882,-0.1795,-0.1782,-0.0009
8794,-0.0731,-0.1862,-0.169,-0.0106
8800,-0.0571,-0.1917,-0.1601,-0.0202
8806,-0.0403,-0.1959,-0.1514,-0.0296
8812,-0.0228,-0.1987,-0.1431,-0.039
8818,-0.0048,-0.1999,-0.1352,-0.0482
8824,0.0134,-0.1996,-0.1275,-0.0575
8830,0.0316,-0.1975,-0.12,-0.067
8836,0.0495,-0.1938,-0.1126,-0.0767
8842,0.067,-0.1884,-0.1052,-0.0867
8848,0.0837,-0.1816,-0.0976,-0.0973
8855,0.0994,-0.1735,-0.0897,-0.1084
8861,0.1139,-0.1644,-0.0811,-0.12
8867,0.1272,-0.1544,-0.0716,-0.1322
8873,0.1389,-0.1439,-0.061,-0.1449
8879,0.1493,-0.1331,-0.0492,-0.1579
8885,0.1581,-0.1225,-0.0359,-0.1711
8891,0.1656,-0.1122,-0.021,-0.1843
8897,0.1717,-0.1026,-0.0045,-0.1972
8903,0.1766,-0.0939,0.0135,-0.2096
8909,0.1805,-0.0862,0.033,-0.2214
8915,0.1834,-0.0798,0.0539,-0.2322
8921,0.1855,-0.0747,0.0759,-0.242
8927,0.1869,-0.0711,0.099,-0.2507
8933,0.1877,-0.0689,0.1228,-0.2581
8939,0.188,-0.0683,0.1473,-0.2641
8945,0.1876,-0.0692,0.1721,-0.2686
8952,0.1867,-0.0717,0.1971,-0.2715
8958,0.185,-0.0759,0.2219,-0.2724
8964,0.1826,-0.0817,0.2463,-0.2712
8970,0.1791,-0.0891,0.2697,-0.2674
8976,0.1743,-0.0981,0.2912,-0.2604
8982,0.1681,-0.1084,0.3097,-0.2496
8988,0.1606,-0.1192,0.3238,-0.2348
8994,0.1523,-0.1296,0.3324,-0.2166
9000,0.1439,-0.1389,0.3356,-0.1959
9006,0.1358,-0.1468,0.3339,-0.1742
9012,0.1285,-0.1533,0.3285,-0.1523
9018,0.1219,-0.1586,0.32,-0.1308
9024,0.1162,-0.1628,0.309,-0.1099
9030,0.1112,-0.1662,0.2961,-0.09
9036,0.1071,-0.1689,0.2815,-0.0711
9042,0.1037,-0.171,0.2654,-0.0533
9048,0.1011,-0.1726,0.248,-0.0369
9055,0.0992,-0.1737,0.2295,-0.0219
9061,0.0981,-0.1743,0.2099,-0.0085
9067,0.0977,-0.1745,0.1895,0.0032
9073,0.0981,-0.1743,0.1682,0.013
9079,0.0992,-0.1737,0.1462,0.0207
9085,0.1009,-0.1727,0.1238,0.026
9091,0.1033,-0.1712,0.1012,0.0287
9097,0.1063,-0.1694,0.0785,0.0287
9103,0.1097,-0.1672,0.0563,0.0255
9109,0.1135,-0.1647,0.0348,0.0192
9115,0.1173,-0.162,0.0146,0.0096
9121,0.1211,-0.1592,-0.004,-0.0031
9127,0.1246,-0.1564,-0.0205,-0.0187
9133,0.1276,-0.154,-0.0346,-0.037
9139,0.13,-0.152,-0.0462,-0.0574
9145,0.1316,-0.1506,-0.0553,-0.0796
9152,0.1325,-0.1499,-0.062,-0.103
9158,0.1324,-0.1499,-0.0664,-0.1274
9164,0.1314,-0.1508,-0.0686,-0.1523
9170,0.1294,-0.1525,-0.069,-0.1776
9176,0.1265,-0.1549,-0.0677,-0.2031
9182,0.1225,-0.1581,-0.0647,-0.2285
9188,0.1174,-0.1619,-0.0603,-0.2538
9194,0.1111,-0.1663,-0.0545,-0.2786
9200,0.1034,-0.1712,-0.0472,-0.3028
9206,0.0941,-0.1765,-0.0385,-0.3262
9212,0.0831,-0.1819,-0.0282,-0.3481
9218,0.0699,-0.1874,-0.0163,-0.3678
9224,0.0543,-0.1925,-0.0026,-0.3842
9230,0.0362,-0.1967,0.0127,-0.3953
9236,0.0161,-0.1994,0.0288,-0.3989
9242,-0.0043,-0.2,0.0444,-0.3939
9248,-0.0232,-0.1987,0.058,-0.3814
9255,-0.0398,-0.196,0.0693,-0.3637
9261,-0.054,-0.1926,0.0782,-0.3426
9267,-0.0662,-0.1887,0.0851,-0.3196
9273,-0.0765,-0.1848,0.0901,-0.2953
9279,-0.0853,-0.1809,0.0936,-0.2704
9285,-0.0927,-0.1772,0.0955,-0.245
9291,-0.0988,-0.1739,0.0959,-0.2194
9297,-0.1038,-0.1709,0.0949,-0.1939
9303,-0.1077,-0.1685,0.0923,-0.1685
9309,-0.1106,-0.1666,0.088,-0.1435
9315,-0.1126,-0.1653,0.082,-0.1191
9321,-0.1135,-0.1647,0.0741,-0.0954
9327,-0.1136,-0.1646,0.0642,-0.0729
9333,-0.1129,-0.1651,0.052,-0.0519
9339,-0.1114,-0.1661,0.0377,-0.0328
9345,-0.1093,-0.1675,0.0212,-0.016
9352,-0.1068,-0.1691,0.0028,-0.0018
9358,-0.1041,-0.1708,-0.0174,0.0095
9364,-0.1014,-0.1724,-0.0389,0.0176
9370,-0.0989,-0.1739,-0.0612,0.0226
9376,-0.0967,-0.1751,-0.0842,0.0245
9382,-0.095,-0.176,-0.1072,0.0236
9388,-0.0939,-0.1766,-0.1302,0.0201
9394,-0.0935,-0.1768,-0.1527,0.0142
9400,-0.0937,-0.1767,-0.1747,0.0061
9406,-0.0946,-0.1762,-0.1961,-0.0039
9412,-0.0962,-0.1754,-0.2166,-0.0157
9418,-0.0985,-0.1741,-0.2361,-0.029
9424,-0.1014,-0.1724,-0.2547,-0.0438
9430,-0.1051,-0.1701,-0.2721,-0.06
9436,-0.1095,-0.1673,-0.2881,-0.0773
9442,-0.1147,-0.1639,-0.3027,-0.0958
9448,-0.1205,-0.1596,-0.3155,-0.1152
9455,-0.1271,-0.1544,-0.3262,-0.1355
9461,-0.1345,-0.1481,-0.3343,-0.1564
9467,-0.1425,-0.1404,-0.339,-0.1775
9473,-0.151,-0.1312,-0.3394,-0.1981
9479,-0.1595,-0.1206,-0.3347,-0.2172
9485,-0.1676,-0.1092,-0.3242,-0.2335
9491,-0.1744,-0.0978,-0.3087,-0.2461
9497,-0.1799,-0.0875,-0.2893,-0.2549
9503,-0.1839,-0.0785,-0.2674,-0.2603
9509,-0.1869,-0.0712,-0.244,-0.2629
9515,-0.1889,-0.0656,-0.2199,-0.2632
9521,-0.1903,-0.0616,-0.1953,-0.2616
9527,-0.191,-0.0592,-0.1708,-0.2582
9533,-0.1913,-0.0584,-0.1464,-0.2533
9539,-0.191,-0.0592,-0.1224,-0.247
9545,-0.1903,-0.0614,-0.099,-0.2394
9552,-0.1891,-0.0652,-0.0765,-0.2305
9558,-0.1872,-0.0704,-0.055,-0.2205
9564,-0.1846,-0.077,-0.0347,-0.2094
9570,-0.1811,-0.0849,-0.0158,-0.1975
9576,-0.1766,-0.0939,0.0015,-0.1848
9582,-0.1709,-0.1038,0.0172,-0.1717
9588,-0.164,-0.1145,0.0312,-0.1583
9594,-0.1556,-0.1257,0.0435,-0.1449
9600,-0.1457,-0.137,0.0542,-0.1317
9606,-0.1344,-0.1481,0.0635,-0.1189
9612,-0.1215,-0.1588,0.0715,-0.1066
9618,-0.1073,-0.1688,0.0786,-0.095
9624,-0.0918,-0.1777,0.0849,-0.084
9630,-0.0752,-0.1853,0.0907,-0.0736
9636,-0.0577,-0.1915,0.0963,-0.0638
9642,-0.0395,-0.1961,0.1017,-0.0544
9648,-0.021,-0.1989,0.1072,-0.0453
9655,-0.0023,-0.2,0.1128,-0.0364
9661,0.0162,-0.1993,0.1187,-0.0276
9667,0.0344,-0.197,0.1248,-0.0186
9673,0.0519,-0.1931,0.1312,-0.0095
9679,0.0687,-0.1878,0.1378,-0.0001
9685,0.0846,-0.1812,0.1447,0.0095
9691,0.0994,-0.1735,0.1518,0.0195
9697,0.1131,-0.1649,0.1591,0.0297
9703,0.1257,-0.1556,0.1665,0.0402
9709,0.1371,-0.1457,0.174,0.0509
9715,0.1473,-0.1353,0.1817,0.0617
9721,0.1564,-0.1246,0.1894,0.0727
9727,0.1645,-0.1137,0.1972,0.0836
9733,0.1716,-0.1027,0.205,0.0944
9739,0.1777,-0.0917,0.2128,0.1052
9745,0.183,-0.0807,0.2207,0.1157
9752,0.1874,-0.0698,0.2286,0.1259
9758,0.1911,-0.059,0.2365,0.1358
9764,0.1941,-0.0483,0.2444,0.1453
9770,0.1964,-0.0377,0.2523,0.1544
9776,0.1981,-0.0272,0.2601,0.1629
9782,0.1993,-0.0169,0.2679,0.1709
9788,0.1999,-0.0068,0.2756,0.1783
9794,0.2,0.0032,0.2832,0.1851
9800,0.1996,0.0131,0.2906,0.1912
9806,0.1987,0.0228,0.2978,0.1965
9812,0.1974,0.0324,0.3048,0.2011
9818,0.1956,0.0419,0.3115,0.2049
9824,0.1933,0.0512,0.3178,0.2077
9830,0.1907,0.0603,0.3237,0.2097
9836,0.1876,0.0693,0.3291,0.2107
9842,0.1842,0.078,0.3338,0.2107
9848,0.1804,0.0864,0.3378,0.2097
9855,0.1763,0.0945,0.3411,0.2078
9861,0.1719,0.1022,0.3435,0.2049
9867,0.1674,0.1094,0.3451,0.2012
9873,0.1628,0.1162,0.3459,0.1967
9879,0.1582,0.1224,0.3459,0.1915
9885,0.1536,0.1281,0.3451,0.1857
9891,0.1492,0.1332,0.3438,0.1793
9897,0.1448,0.1379,0.3418,0.1724
9903,0.1407,0.1421,0.3394,0.1651
9909,0.1368,0.1459,0.3364,0.1573
9915,0.1331,0.1493,0.3331,0.1492
9921,0.1297,0.1523,0.3293,0.1407
9927,0.1265,0.1549,0.3252,0.1319
9933,0.1237,0.1572,0.3207,0.1227
9939,0.1211,0.1591,0.3158,0.1132
9945,0.1189,0.1608,0.3106,0.1035
9952,0.1171,0.1621,0.305,0.0935
9958,0.1156,0.1632,0.299,0.0833
9964,0.1145,0.164,0.2926,0.0729
9970,0.1139,0.1644,0.2859,0.0624
9976,0.1137,0.1646,0.2788,0.0517
9982,0.1139,0.1644,0.2712,0.0409
9988,0.1146,0.1639,0.2633,0.0301
9994,0.1158,0.1631,0.2549,0.0194
10000,0.1175,0.1619,0.2461,0.0087
10006,0.1197,0.1602,0.2368,-0.0019
10012,0.1224,0.1582,0.2272,-0.0122
10018,0.1257,0.1556,0.2171,-0.0223
10024,0.1294,0.1525,0.2067,-0.032
10030,0.1337,0.1488,0.196,-0.0413
10036,0.1384,0.1444,0.185,-0.0501
10042,0.1435,0.1393,0.1738,-0.0584
10048,0.1489,0.1335,0.1624,-0.0661
10055,0.1547,0.1268,0.151,-0.0732
10061,0.1606,0.1192,0.1396,-0.0797
10067,0.1665,0.1107,0.1283,-0.0856
10073,0.1724,0.1013,0.1172,-0.0909
10079,0.1782,0.0909,0.1063,-0.0958
10085,0.1835,0.0795,0.0957,-0.1002
10091,0.1884,0.0671,0.0854,-0.1043
10097,0.1926,0.0539,0.0755,-0.1082
10103,0.196,0.0398,0.0659,-0.1121
10109,0.1984,0.025,0.0566,-0.116
10115,0.1998,0.0096,0.0474,-0.12
10121,0.1999,-0.0063,0.0384,-0.1243
10127,0.1987,-0.0226,0.0294,-0.129
10133,0.1962,-0.039,0.0202,-0.1341
10139,0.1922,-0.0553,0.0109,-0.1397
10145,0.1868,-0.0714,0.0012,-0.1458
10152,0.18,-0.0871,-0.009,-0.1524
10158,0.1719,-0.1022,-0.0197,-0.1596
10164,0.1625,-0.1165,-0.0309,-0.1673
10170,0.152,-0.13,-0.0428,-0.1755
10176,0.1404,-0.1424,-0.0552,-0.1842
10182,0.1278,-0.1538,-0.0682,-0.1934
10188,0.1144,-0.164,-0.0817,-0.2031
10194,0.1003,-0.1731,-0.0957,-0.2132
10200,0.0854,-0.1808,-0.1099,-0.2238
10206,0.07,-0.1874,-0.1243,-0.2347
10212,0.0539,-0.1926,-0.1388,-0.246
10218,0.0373,-0.1965,-0.1531,-0.2576
10224,0.0201,-0.199,-0.1671,-0.2695
10230,0.0022,-0.2,-0.1804,-0.2815
10236,-0.0164,-0.1993,-0.1928,-0.2934
10242,-0.0356,-0.1968,-0.2039,-0.305
10248,-0.0556,-0.1921,-0.213,-0.3156
10255,-0.0762,-0.1849,-0.2194,-0.3245
10261,-0.0968,-0.175,-0.2226,-0.3305
10267,-0.1166,-0.1625,-0.2221,-0.3324
10273,-0.1344,-0.1481,-0.2185,-0.3296
10279,-0.1496,-0.1327,-0.2127,-0.3225
10285,-0.1622,-0.117,-0.2058,-0.3122
10291,-0.1724,-0.1014,-0.1982,-0.2998
10297,-0.1805,-0.0861,-0.1904,-0.2859
10303,-0.1869,-0.0712,-0.1825,-0.2711
10309,-0.1918,-0.0566,-0.1746,-0.2559
10315,-0.1954,-0.0425,-0.1668,-0.2404
10321,-0.1979,-0.0287,-0.159,-0.2249
10327,-0.1994,-0.0154,-0.1513,-0.2095
10333,-0.2,-0.0024,-0.1437,-0.1943
10339,-0.1997,0.0101,-0.136,-0.1794
10345,-0.1988,0.0223,-0.1283,-0.1649
10352,-0.1971,0.0341,-0.1207,-0.1508
10358,-0.1948,0.0454,-0.1129,-0.1371
10364,-0.1919,0.0563,-0.1052,-0.1239
10370,-0.1885,0.0668,-0.0973,-0.1112
10376,-0.1846,0.0769,-0.0894,-0.099
10382,-0.1803,0.0865,-0.0814,-0.0873
10388,-0.1756,0.0957,-0.0733,-0.0762
10394,-0.1706,0.1044,-0.0651,-0.0656
10400,-0.1653,0.1126,-0.0568,-0.0555
10406,-0.1598,0.1203,-0.0485,-0.0459
10412,-0.154,0.1276,-0.04,-0.0367
10418,-0.1481,0.1344,-0.0315,-0.0281
10424,-0.1421,0.1408,-0.0229,-0.0199
10430,-0.1359,0.1467,-0.0143,-0.012
10436,-0.1298,0.1522,-0.0056,-0.0046
10442,-0.1235,0.1573,0.003,0.0024
10448,-0.1173,0.162,0.0117,0.0091
10455,-0.111,0.1663,0.0203,0.0155
10461,-0.1048,0.1703,0.0289,0.0216
10467,-0.0986,0.174,0.0374,0.0273
10473,-0.0923,0.1774,0.0458,0.0328
10479,-0.0861,0.1805,0.0542,0.038
10485,-0.0799,0.1833,0.0625,0.0429
10491,-0.0738,0.1859,0.0707,0.0476
10497,-0.0676,0.1882,0.0788,0.0519
10503,-0.0614,0.1903,0.0868,0.056
10509,-0.0552,0.1922,0.0947,0.0599
10515,-0.0491,0.1939,0.1025,0.0634
10521,-0.0429,0.1954,0.1103,0.0667
10527,-0.0367,0.1966,0.1179,0.0697
10533,-0.0304,0.1977,0.1255,0.0724
10539,-0.0242,0.1985,0.1329,0.0748
10545,-0.0179,0.1992,0.1403,0.0769
10552,-0.0116,0.1997,0.1477,0.0787
10558,-0.0052,0.1999,0.1549,0.0802
10564,0.0011,0.2,0.1621,0.0813
10570,0.0076,0.1999,0.1693,0.0822
10576,0.014,0.1995,0.1764,0.0827
10582,0.0205,0.1989,0.1834,0.0829
10588,0.0271,0.1982,0.1905,0.0828
10594,0.0337,0.1971,0.1974,0.0823
10600,0.0403,0.1959,0.2044,0.0815
10606,0.047,0.1944,0.2113,0.0803
10612,0.0537,0.1926,0.2182,0.0788
10618,0.0605,0.1906,0.2251,0.077
10624,0.0673,0.1883,0.232,0.0748
10630,0.0742,0.1857,0.2388,0.0722
10636,0.081,0.1829,0.2457,0.0693
10642,0.0879,0.1796,0.2525,0.0661
10648,0.0948,0.1761,0.2594,0.0625
10655,0.1017,0.1722,0.2662,0.0585
10661,0.1086,0.1679,0.2731,0.0541
10667,0.1155,0.1633,0.2799,0.0494
10673,0.1224,0.1582,0.2868,0.0444
10679,0.1291,0.1527,0.2936,0.0389
10685,0.1359,0.1468,0.3005,0.0332
10691,0.1425,0.1403,0.3073,0.027
10697,0.149,0.1334,0.3141,0.0205
10703,0.1554,0.1259,0.3209,0.0137
10709,0.1615,0.1179,0.3276,0.0066
10715,0.1675,0.1093,0.3343,-0.0009
10721,0.1731,0.1001,0.3409,-0.0087
10727,0.1785,0.0903,0.3474,-0.0168
10733,0.1834,0.0797,0.3537,-0.0251
10739,0.1879,0.0685,0.3599,-0.0336
10745,0.1919,0.0565,0.3657,-0.0424
10752,0.1952,0.0437,0.3712,-0.0513
10758,0.1977,0.0302,0.3761,-0.0603
10764,0.1994,0.0158,0.3804,-0.0693
10770,0.2,0.0006,0.3838,-0.0782
10776,0.1994,-0.0152,0.3861,-0.0871
10782,0.1975,-0.0316,0.3869,-0.0957
10788,0.1941,-0.0483,0.3861,-0.1042
10794,0.1891,-0.0651,0.3834,-0.1124
10800,0.1826,-0.0815,0.3788,-0.1206
10806,0.1747,-0.0973,0.3722,-0.1287
10812,0.1655,-0.1123,0.364,-0.1369
10818,0.1551,-0.1263,0.3542,-0.1453
10824,0.1436,-0.1392,0.3431,-0.1539
10830,0.1313,-0.1509,0.331,-0.1628
10836,0.1182,-0.1613,0.3179,-0.172
10842,0.1044,-0.1706,0.3041,-0.1815
10848,0.0901,-0.1786,0.2897,-0.1914
10855,0.0754,-0.1853,0.2747,-0.2016
10861,0.0603,-0.1907,0.2591,-0.2121
10867,0.0451,-0.1949,0.2431,-0.2228
10873,0.0298,-0.1978,0.2265,-0.2339
10879,0.0147,-0.1995,0.2094,-0.2453
10885,-0.0001,-0.2,0.1916,-0.2568
